项目ID,统一项目名,原表名称,产品,省份,市（原表）,企业性质,工艺,统计行ID,文件,工作表,原表行,合并方式,样本合计处理
CN001,扬州一川镍业有限公司,扬州一川镍业有限公司,镍生铁／镍铁,江苏,,民企,RKEF,N028,明细&汇总-全球镍生铁-月度产量 060426.xlsx,明细-全球镍生铁-月度产量,28,保留独立产线,可按同产品读取
CN002,宿迁翔翔实业有限公司,宿迁翔翔实业有限公司,镍生铁／镍铁,江苏,,民企,RKEF,N029,明细&汇总-全球镍生铁-月度产量 060426.xlsx,明细-全球镍生铁-月度产量,29,保留独立产线,可按同产品读取
CN003,连云港海赣科技有限公司,连云港海赣科技有限公司,镍生铁／镍铁,江苏,,民企,EF,N030,明细&汇总-全球镍生铁-月度产量 060426.xlsx,明细-全球镍生铁-月度产量,30,保留独立产线,可按同产品读取
CN004,连云港科创不锈钢新材料有限公司,连云港科创不锈钢新材料有限公司,镍生铁／镍铁,江苏,,民企,EF,N031,明细&汇总-全球镍生铁-月度产量 060426.xlsx,明细-全球镍生铁-月度产量,31,保留独立产线,可按同产品读取
CN005,江苏德龙镍业有限公司,江苏德龙镍业有限公司,镍生铁／镍铁,江苏,,民企,RKEF,N032,明细&汇总-全球镍生铁-月度产量 060426.xlsx,明细-全球镍生铁-月度产量,32,保留独立产线,可按同产品读取
CN006,赣榆县金成镍业有限公司,赣榆县金成镍业有限公司,镍生铁／镍铁,江苏,,民企,RKEF,N033,明细&汇总-全球镍生铁-月度产量 060426.xlsx,明细-全球镍生铁-月度产量,33,保留独立产线,可按同产品读取
CN007,连云港天乙金属制品有限公司,连云港天乙金属制品有限公司,镍生铁／镍铁,江苏,,民企,EF,N034,明细&汇总-全球镍生铁-月度产量 060426.xlsx,明细-全球镍生铁-月度产量,34,保留独立产线,可按同产品读取
CN008,江苏宝通镍业有限公司,江苏宝通镍业有限公司,镍生铁／镍铁,江苏,,民企,EF,N035,明细&汇总-全球镍生铁-月度产量 060426.xlsx,明细-全球镍生铁-月度产量,35,保留独立产线,可按同产品读取
CN009,荣阳钢铁,荣阳钢铁,镍生铁／镍铁,江苏,,民企,RKEF,N036,明细&汇总-全球镍生铁-月度产量 060426.xlsx,明细-全球镍生铁-月度产量,36,保留独立产线,可按同产品读取
CN010,营口宁丰镁业（宁丰集团）,营口宁丰镁业（宁丰集团）,镍生铁／镍铁,辽宁,,民企,RKEF,N037,明细&汇总-全球镍生铁-月度产量 060426.xlsx,明细-全球镍生铁-月度产量,37,保留独立产线,可按同产品读取
CN011,辽宁晟运实业有限公司,辽宁晟运实业有限公司,镍生铁／镍铁,辽宁,,民企,RKEF,N038,明细&汇总-全球镍生铁-月度产量 060426.xlsx,明细-全球镍生铁-月度产量,38,保留独立产线,可按同产品读取
CN012,营口广大实业有限公司,营口广大实业有限公司,镍生铁／镍铁,辽宁,,民企,BF,N039,明细&汇总-全球镍生铁-月度产量 060426.xlsx,明细-全球镍生铁-月度产量,39,保留独立产线,可按同产品读取
CN013,光大冶金发展（大连）有限公司,光大冶金发展（大连）有限公司,镍生铁／镍铁,辽宁,,民企,RKEF,N040,明细&汇总-全球镍生铁-月度产量 060426.xlsx,明细-全球镍生铁-月度产量,40,保留独立产线,可按同产品读取
CN014,辽宁宝铂科技有限公司,辽宁宝铂科技有限公司-A,镍生铁／镍铁,辽宁,,民企,RKEF,N041,明细&汇总-全球镍生铁-月度产量 060426.xlsx,明细-全球镍生铁-月度产量,41,保留独立产线,可按同产品读取
CN013,光大冶金发展（大连）有限公司,光大冶金发展（大连）有限公司（现：鑫峰科技新材料有限公司）,镍生铁／镍铁,辽宁,,民企,RKEF,N042,明细&汇总-全球镍生铁-月度产量 060426.xlsx,明细-全球镍生铁-月度产量,42,别名按月补齐、不相加,别名行不重复计入
CN015,朝阳昊天有色金属有限公司-朝阳利鑫有色金属有限公司（北方兄弟）,朝阳昊天有色金属有限公司-朝阳利鑫有色金属有限公司（北方兄弟）,镍生铁／镍铁,辽宁,,民企,EF,N043,明细&汇总-全球镍生铁-月度产量 060426.xlsx,明细-全球镍生铁-月度产量,43,保留独立产线,可按同产品读取
CN016,海城市腾发耐火材料有限公司,海城市腾发耐火材料有限公司,镍生铁／镍铁,辽宁,,民企,EF,N044,明细&汇总-全球镍生铁-月度产量 060426.xlsx,明细-全球镍生铁-月度产量,44,保留独立产线,可按同产品读取
CN017,凌源市瑞丰铸造有限公司,凌源市瑞丰铸造有限公司,镍生铁／镍铁,辽宁,,民企,BF,N045,明细&汇总-全球镍生铁-月度产量 060426.xlsx,明细-全球镍生铁-月度产量,45,保留独立产线,可按同产品读取
CN018,辽宁垚鑫铸业有限公司,辽宁垚鑫铸业有限公司,镍生铁／镍铁,辽宁,,民企,BF,N046,明细&汇总-全球镍生铁-月度产量 060426.xlsx,明细-全球镍生铁-月度产量,46,保留独立产线,可按同产品读取
CN019,鞍山旭辰耐火材料有限公司,鞍山旭辰耐火材料有限公司,镍生铁／镍铁,辽宁,,民企,EF,N047,明细&汇总-全球镍生铁-月度产量 060426.xlsx,明细-全球镍生铁-月度产量,47,保留独立产线,可按同产品读取
CN020,辽宁国润金属集团,辽宁国润金属集团,镍生铁／镍铁,辽宁,,民企,EF,N048,明细&汇总-全球镍生铁-月度产量 060426.xlsx,明细-全球镍生铁-月度产量,48,保留独立产线,可按同产品读取
CN021,锦州市鑫泽锰业有限公司（义县应盛金属实业有限公司）,锦州市鑫泽锰业有限公司（义县应盛金属实业有限公司）,镍生铁／镍铁,辽宁,,民企,BF,N049,明细&汇总-全球镍生铁-月度产量 060426.xlsx,明细-全球镍生铁-月度产量,49,保留独立产线,可按同产品读取
CN022,锦州鑫雨铁合金,锦州鑫雨铁合金,镍生铁／镍铁,辽宁,,民企,BF,N050,明细&汇总-全球镍生铁-月度产量 060426.xlsx,明细-全球镍生铁-月度产量,50,保留独立产线,可按同产品读取
CN023,山东鑫海科技有限公司,山东鑫海科技有限公司,镍生铁／镍铁,山东,,民企,RKEF,N051,明细&汇总-全球镍生铁-月度产量 060426.xlsx,明细-全球镍生铁-月度产量,51,保留独立产线,可按同产品读取
CN024,临沂金海汇科技有限公司,临沂金海汇科技有限公司,镍生铁／镍铁,山东,,民企,RKEF,N052,明细&汇总-全球镍生铁-月度产量 060426.xlsx,明细-全球镍生铁-月度产量,52,保留独立产线,可按同产品读取
CN025,茌平爱得信新材料有限公司,茌平爱得信新材料有限公司,镍生铁／镍铁,山东,,民企,RKEF,N053,明细&汇总-全球镍生铁-月度产量 060426.xlsx,明细-全球镍生铁-月度产量,53,保留独立产线,可按同产品读取
CN026,日照铸福,日照铸福,镍生铁／镍铁,山东,,民企,BF,N054,明细&汇总-全球镍生铁-月度产量 060426.xlsx,明细-全球镍生铁-月度产量,54,保留独立产线,可按同产品读取
CN027,沾化县炜烨镍业有限公司,沾化县炜烨镍业有限公司,镍生铁／镍铁,山东,,民企,EF,N055,明细&汇总-全球镍生铁-月度产量 060426.xlsx,明细-全球镍生铁-月度产量,55,保留独立产线,可按同产品读取
CN028,山西曲沃县三鑫铸造有限公司,山西曲沃县三鑫铸造有限公司,镍生铁／镍铁,山西,,民企,BF,N056,明细&汇总-全球镍生铁-月度产量 060426.xlsx,明细-全球镍生铁-月度产量,56,保留独立产线,可按同产品读取
CN029,青州天泰德隆冶金科技有限公司,青州天泰德隆冶金科技有限公司,镍生铁／镍铁,山东,,民企,BF,N057,明细&汇总-全球镍生铁-月度产量 060426.xlsx,明细-全球镍生铁-月度产量,57,保留独立产线,可按同产品读取
CN030,冠县顺丰金属制品有限公司,冠县顺丰金属制品有限公司,镍生铁／镍铁,山东,,民企,BF,N058,明细&汇总-全球镍生铁-月度产量 060426.xlsx,明细-全球镍生铁-月度产量,58,保留独立产线,可按同产品读取
CN031,福建联德镍铁合金,福建联德镍铁合金,镍生铁／镍铁,福建,,民企,RKEF,N059,明细&汇总-全球镍生铁-月度产量 060426.xlsx,明细-全球镍生铁-月度产量,59,保留独立产线,可按同产品读取
CN032,福建鼎信实业有限公司,福建鼎信实业有限公司-A,镍生铁／镍铁,福建,,民企,RKEF,N060,明细&汇总-全球镍生铁-月度产量 060426.xlsx,明细-全球镍生铁-月度产量,60,保留独立产线,可按同产品读取
CN032,福建鼎信实业有限公司,福建鼎信实业有限公司-B,镍生铁／镍铁,福建,,民企,BF,N061,明细&汇总-全球镍生铁-月度产量 060426.xlsx,明细-全球镍生铁-月度产量,61,保留独立产线,可按同产品读取
CN033,宝钢德盛不锈钢有限公司,宝钢德盛不锈钢有限公司-A,镍生铁／镍铁,福建,,国企,RKEF,N062,明细&汇总-全球镍生铁-月度产量 060426.xlsx,明细-全球镍生铁-月度产量,62,保留独立产线,可按同产品读取
CN034,五洲镍业有限公司/化德县五洲钢业有限公司,五洲镍业有限公司/化德县五洲钢业有限公司,镍生铁／镍铁,内蒙古,,民企,EF,N063,明细&汇总-全球镍生铁-月度产量 060426.xlsx,明细-全球镍生铁-月度产量,63,保留独立产线,可按同产品读取
CN035,内蒙古察右前旗鑫扬冶金化工有限公司,内蒙古察右前旗鑫扬冶金化工有限公司,镍生铁／镍铁,内蒙古,,民企,EF,N064,明细&汇总-全球镍生铁-月度产量 060426.xlsx,明细-全球镍生铁-月度产量,64,保留独立产线,可按同产品读取
CN036,内蒙古商都县永鑫公司（原瑞泰冶金）,内蒙古商都县永鑫公司（原瑞泰冶金）,镍生铁／镍铁,内蒙古,,民企,EF,N065,明细&汇总-全球镍生铁-月度产量 060426.xlsx,明细-全球镍生铁-月度产量,65,保留独立产线,租赁／历史名称可能重叠，暂不进入样本合计
CN037,内蒙古硕丰实业有限公司,内蒙古硕丰实业有限公司,镍生铁／镍铁,内蒙古,,民企,EF,N066,明细&汇总-全球镍生铁-月度产量 060426.xlsx,明细-全球镍生铁-月度产量,66,保留独立产线,可按同产品读取
CN038,内蒙古上泰实业有限公司,内蒙古上泰实业有限公司,镍生铁／镍铁,内蒙古,,民企,RKEF,N067,明细&汇总-全球镍生铁-月度产量 060426.xlsx,明细-全球镍生铁-月度产量,67,保留独立产线,可按同产品读取
CN039,内蒙古商都县中建金马冶金化工有限公司,内蒙古商都县中建金马冶金化工有限公司,镍生铁／镍铁,内蒙古,,民企,RKEF,N068,明细&汇总-全球镍生铁-月度产量 060426.xlsx,明细-全球镍生铁-月度产量,68,保留独立产线,可按同产品读取
CN040,内蒙古天润特种铁合金有限公司,内蒙古天润特种铁合金有限公司-A,镍生铁／镍铁,内蒙古,,民企,RKEF,N069,明细&汇总-全球镍生铁-月度产量 060426.xlsx,明细-全球镍生铁-月度产量,69,保留独立产线,可按同产品读取
CN040,内蒙古天润特种铁合金有限公司,内蒙古天润特种铁合金有限公司-B,镍生铁／镍铁,内蒙古,,民企,EF,N070,明细&汇总-全球镍生铁-月度产量 060426.xlsx,明细-全球镍生铁-月度产量,70,保留独立产线,可按同产品读取
CN041,内蒙古隆盛特钢有限公司,内蒙古隆盛特钢有限公司,镍生铁／镍铁,内蒙古,,民企,EF,N071,明细&汇总-全球镍生铁-月度产量 060426.xlsx,明细-全球镍生铁-月度产量,71,保留独立产线,可按同产品读取
CN042,内蒙古和谊镍铬复合材料有限公司,内蒙古和谊镍铬复合材料有限公司,镍生铁／镍铁,内蒙古,,民企,RKEF,N072,明细&汇总-全球镍生铁-月度产量 060426.xlsx,明细-全球镍生铁-月度产量,72,保留独立产线,租赁／历史名称可能重叠，暂不进入样本合计
CN043,化德县嘉铭钢业有限公司,化德县嘉铭钢业有限公司,镍生铁／镍铁,内蒙古,,民企,EF,N073,明细&汇总-全球镍生铁-月度产量 060426.xlsx,明细-全球镍生铁-月度产量,73,保留独立产线,可按同产品读取
CN044,内蒙古察右前旗辰东化工有限责任公司,内蒙古察右前旗辰东化工有限责任公司,镍生铁／镍铁,内蒙古,,民企,EF,N074,明细&汇总-全球镍生铁-月度产量 060426.xlsx,明细-全球镍生铁-月度产量,74,保留独立产线,可按同产品读取
CN045,瑞泰冶金有限公司,瑞泰冶金有限公司,镍生铁／镍铁,内蒙古,,民企,EF,N075,明细&汇总-全球镍生铁-月度产量 060426.xlsx,明细-全球镍生铁-月度产量,75,保留独立产线,租赁／历史名称可能重叠，暂不进入样本合计
CN046,瑞泰,瑞泰,镍生铁／镍铁,内蒙古,,民企,EF,N076,明细&汇总-全球镍生铁-月度产量 060426.xlsx,明细-全球镍生铁-月度产量,76,保留独立产线,租赁／历史名称可能重叠，暂不进入样本合计
CN047,化德县中泰镍铁有限公司,化德县中泰镍铁有限公司,镍生铁／镍铁,内蒙古,,民企,RKEF,N077,明细&汇总-全球镍生铁-月度产量 060426.xlsx,明细-全球镍生铁-月度产量,77,保留独立产线,可按同产品读取
CN048,化德县鑫泽镍业有限公司,化德县鑫泽镍业有限公司,镍生铁／镍铁,内蒙古,,民企,EF,N078,明细&汇总-全球镍生铁-月度产量 060426.xlsx,明细-全球镍生铁-月度产量,78,保留独立产线,可按同产品读取
CN049,化德县同盛铁合金有限公司(昌盛泰),化德县同盛铁合金有限公司(昌盛泰),镍生铁／镍铁,内蒙古,,民企,EF,N079,明细&汇总-全球镍生铁-月度产量 060426.xlsx,明细-全球镍生铁-月度产量,79,保留独立产线,可按同产品读取
CN050,永盛铁合金,永盛铁合金,镍生铁／镍铁,内蒙古,,民企,EF,N080,明细&汇总-全球镍生铁-月度产量 060426.xlsx,明细-全球镍生铁-月度产量,80,保留独立产线,可按同产品读取
CN051,光达冶金（烨兆）,光达冶金（烨兆）,镍生铁／镍铁,内蒙古,,民企,EF,N081,明细&汇总-全球镍生铁-月度产量 060426.xlsx,明细-全球镍生铁-月度产量,81,保留独立产线,可按同产品读取
CN044,内蒙古察右前旗辰东化工有限责任公司,辰东化工,镍生铁／镍铁,内蒙古,,民企,EF,N082,明细&汇总-全球镍生铁-月度产量 060426.xlsx,明细-全球镍生铁-月度产量,82,别名按月补齐、不相加,别名行不重复计入
CN052,化德县鑫盛铁合金有限公司,化德县鑫盛铁合金有限公司,镍生铁／镍铁,内蒙古,,民企,EF,N083,明细&汇总-全球镍生铁-月度产量 060426.xlsx,明细-全球镍生铁-月度产量,83,保留独立产线,可按同产品读取
CN053,唐山凯源实业有限公司,唐山凯源实业有限公司-A,镍生铁／镍铁,河北,,民企,RKEF,N084,明细&汇总-全球镍生铁-月度产量 060426.xlsx,明细-全球镍生铁-月度产量,84,保留独立产线,可按同产品读取
CN053,唐山凯源实业有限公司,唐山凯源实业有限公司-B,镍生铁／镍铁,河北,,民企,EF,N085,明细&汇总-全球镍生铁-月度产量 060426.xlsx,明细-全球镍生铁-月度产量,85,保留独立产线,可按同产品读取
CN054,唐山腾达科技有限公司,唐山腾达科技有限公司,镍生铁／镍铁,河北,,民企,EF,N086,明细&汇总-全球镍生铁-月度产量 060426.xlsx,明细-全球镍生铁-月度产量,86,保留独立产线,可按同产品读取
CN055,丰润区长明不锈钢制品厂,丰润区长明不锈钢制品厂,镍生铁／镍铁,河北,,民企,BF,N087,明细&汇总-全球镍生铁-月度产量 060426.xlsx,明细-全球镍生铁-月度产量,87,保留独立产线,可按同产品读取
CN056,河北春风铸造有限责任公司,河北春风铸造有限责任公司,镍生铁／镍铁,河北,,民企,BF,N088,明细&汇总-全球镍生铁-月度产量 060426.xlsx,明细-全球镍生铁-月度产量,88,保留独立产线,可按同产品读取
CN057,偏关县晋电化工有限责任公司,偏关县晋电化工有限责任公司,镍生铁／镍铁,山西,,民企,RKEF,N089,明细&汇总-全球镍生铁-月度产量 060426.xlsx,明细-全球镍生铁-月度产量,89,保留独立产线,可按同产品读取
CN058,山西众泰陆洋冶炼实业有限公司,山西众泰陆洋冶炼实业有限公司,镍生铁／镍铁,山西,,民企,BF,N090,明细&汇总-全球镍生铁-月度产量 060426.xlsx,明细-全球镍生铁-月度产量,90,保留独立产线,可按同产品读取
CN059,山西达康集团,山西达康集团,镍生铁／镍铁,山西,,民企,BF,N091,明细&汇总-全球镍生铁-月度产量 060426.xlsx,明细-全球镍生铁-月度产量,91,保留独立产线,可按同产品读取
CN028,山西曲沃县三鑫铸造有限公司,山西曲沃县三鑫铸造有限公司,镍生铁／镍铁,山西,,民企,BF,N092,明细&汇总-全球镍生铁-月度产量 060426.xlsx,明细-全球镍生铁-月度产量,92,别名按月补齐、不相加,别名行不重复计入
CN060,河南省煜晟镍业有限责任公司,河南省煜晟镍业有限责任公司,镍生铁／镍铁,河南,,民企,RKEF,N093,明细&汇总-全球镍生铁-月度产量 060426.xlsx,明细-全球镍生铁-月度产量,93,保留独立产线,可按同产品读取
CN061,福佳不锈钢制品有限公司,福佳不锈钢制品有限公司,镍生铁／镍铁,河南,,民企,EF,N094,明细&汇总-全球镍生铁-月度产量 060426.xlsx,明细-全球镍生铁-月度产量,94,保留独立产线,可按同产品读取
CN062,河南宝泰盛商贸有限公司,河南宝泰盛商贸有限公司,镍生铁／镍铁,河南,,民企,EF,N095,明细&汇总-全球镍生铁-月度产量 060426.xlsx,明细-全球镍生铁-月度产量,95,保留独立产线,可按同产品读取
CN063,阳江翌川金属科技有限公司,阳江翌川金属科技有限公司,镍生铁／镍铁,广东,,民企,RKEF,N096,明细&汇总-全球镍生铁-月度产量 060426.xlsx,明细-全球镍生铁-月度产量,96,保留独立产线,可按同产品读取
CN064,广东世纪青山镍业有限公司,广东世纪青山镍业有限公司,镍生铁／镍铁,广东,,外企,RKEF,N097,明细&汇总-全球镍生铁-月度产量 060426.xlsx,明细-全球镍生铁-月度产量,97,保留独立产线,可按同产品读取
CN065,广东广青金属科技有限公司,广东广青金属科技有限公司-A,镍生铁／镍铁,广东,,国企,BF,N098,明细&汇总-全球镍生铁-月度产量 060426.xlsx,明细-全球镍生铁-月度产量,98,保留独立产线,可按同产品读取
CN065,广东广青金属科技有限公司,广东广青金属科技有限公司-B,镍生铁／镍铁,广东,,国企,RKEF,N099,明细&汇总-全球镍生铁-月度产量 060426.xlsx,明细-全球镍生铁-月度产量,99,保留独立产线,可按同产品读取
CN066,中金金属科技有限公司,中金金属科技有限公司,镍生铁／镍铁,广西,,国企,BF,N100,明细&汇总-全球镍生铁-月度产量 060426.xlsx,明细-全球镍生铁-月度产量,100,保留独立产线,可按同产品读取
CN067,广西戎鑫达资源有限公司,广西戎鑫达资源有限公司,镍生铁／镍铁,广西,,民企,BF,N101,明细&汇总-全球镍生铁-月度产量 060426.xlsx,明细-全球镍生铁-月度产量,101,保留独立产线,可按同产品读取
CN068,广西金源镍业有限公司,广西金源镍业有限公司,镍生铁／镍铁,广西,,民企,RKEF,N102,明细&汇总-全球镍生铁-月度产量 060426.xlsx,明细-全球镍生铁-月度产量,102,保留独立产线,可按同产品读取
CN069,北海诚德镍业有限公司,北海诚德镍业有限公司-A,镍生铁／镍铁,广西,,国企,BF,N103,明细&汇总-全球镍生铁-月度产量 060426.xlsx,明细-全球镍生铁-月度产量,103,保留独立产线,可按同产品读取
CN069,北海诚德镍业有限公司,北海诚德镍业有限公司-B,镍生铁／镍铁,广西,,国企,RKEF,N104,明细&汇总-全球镍生铁-月度产量 060426.xlsx,明细-全球镍生铁-月度产量,104,保留独立产线,可按同产品读取
CN070,广西龙州中恒万华实业有限公司,广西龙州中恒万华实业有限公司,镍生铁／镍铁,广西,,民企,BF,N105,明细&汇总-全球镍生铁-月度产量 060426.xlsx,明细-全球镍生铁-月度产量,105,保留独立产线,可按同产品读取
CN071,连云港华乐合金,连云港华乐合金,镍生铁／镍铁,江苏,,民企,BF,N106,明细&汇总-全球镍生铁-月度产量 060426.xlsx,明细-全球镍生铁-月度产量,106,保留独立产线,可按同产品读取
CN072,山东临港有色金属有限公司（盛阳）,山东临港有色金属有限公司（盛阳）,镍生铁／镍铁,山东,,民企,BF,N107,明细&汇总-全球镍生铁-月度产量 060426.xlsx,明细-全球镍生铁-月度产量,107,保留独立产线,可按同产品读取
CN073,中亿金属科技有限公司（亿利达钢铁）,中亿金属科技有限公司（亿利达钢铁）,镍生铁／镍铁,山东,,民企,BF,N108,明细&汇总-全球镍生铁-月度产量 060426.xlsx,明细-全球镍生铁-月度产量,108,保留独立产线,可按同产品读取
CN074,福建青拓镍业有限公司,福建青拓镍业有限公司,镍生铁／镍铁,福建,,民企,BF,N109,明细&汇总-全球镍生铁-月度产量 060426.xlsx,明细-全球镍生铁-月度产量,109,保留独立产线,可按同产品读取
CN033,宝钢德盛不锈钢有限公司,宝钢德盛不锈钢有限公司-B,镍生铁／镍铁,福建,,国企,BF,N110,明细&汇总-全球镍生铁-月度产量 060426.xlsx,明细-全球镍生铁-月度产量,110,保留独立产线,可按同产品读取
CN075,河南鑫金汇特钢有限公司,河南鑫金汇特钢有限公司,镍生铁／镍铁,河南,,国企,BF,N111,明细&汇总-全球镍生铁-月度产量 060426.xlsx,明细-全球镍生铁-月度产量,111,保留独立产线,可按同产品读取
CN076,内蒙古和谊镍铬复合材料有限公司(租给万汇) 和恒,内蒙古和谊镍铬复合材料有限公司(租给万汇) 和恒,镍生铁／镍铁,内蒙古,,民企,RKEF,N112,明细&汇总-全球镍生铁-月度产量 060426.xlsx,明细-全球镍生铁-月度产量,112,保留独立产线,租赁／历史名称可能重叠，暂不进入样本合计
CN077,亿晨镍铬合金（临沂钢投）,亿晨镍铬合金（临沂钢投）,镍生铁／镍铁,山东,,民企,RKEF,N113,明细&汇总-全球镍生铁-月度产量 060426.xlsx,明细-全球镍生铁-月度产量,113,保留独立产线,可按同产品读取
CN078,奈曼经安有限公司,奈曼经安有限公司,镍生铁／镍铁,内蒙古,,民企,RKEF,N114,明细&汇总-全球镍生铁-月度产量 060426.xlsx,明细-全球镍生铁-月度产量,114,保留独立产线,可按同产品读取
CN014,辽宁宝铂科技有限公司,辽宁宝铂科技有限公司-B,镍生铁／镍铁,辽宁,,民企,BF,N115,明细&汇总-全球镍生铁-月度产量 060426.xlsx,明细-全球镍生铁-月度产量,115,保留独立产线,可按同产品读取
CN079,大连富力镍基合金新材料有限公司,大连富力镍基合金新材料有限公司,镍生铁／镍铁,辽宁,,民企,RKEF,N116,明细&汇总-全球镍生铁-月度产量 060426.xlsx,明细-全球镍生铁-月度产量,116,保留独立产线,可按同产品读取
CN080,湖南中伟新材料有限公司,湖南中伟新材料有限公司,硫酸镍,湖南,长沙市,民企,镍盐加工,S003,中国纯镍硫酸镍项目.xlsx,Sheet1,3,保留独立产线,可按同产品读取
CN081,浙江华友钴业股份有限公司,浙江华友钴业股份有限公司,硫酸镍,浙江,嘉兴市,民企,镍盐加工,S004,中国纯镍硫酸镍项目.xlsx,Sheet1,4,保留独立产线,可按同产品读取
CN082,荆门格林美新材料有限公司,荆门格林美新材料有限公司,硫酸镍,湖北,荆门市,民企,镍盐加工,S005,中国纯镍硫酸镍项目.xlsx,Sheet1,5,保留独立产线,可按同产品读取
CN083,金川集团镍盐有限公司,金川集团镍盐有限公司,硫酸镍,甘肃,金昌市,国企,镍盐加工,S006,中国纯镍硫酸镍项目.xlsx,Sheet1,6,保留独立产线,可按同产品读取
CN084,宁波长江能源科技有限公司,宁波长江能源科技有限公司,硫酸镍,浙江,嘉兴市,民企,镍盐加工,S007,中国纯镍硫酸镍项目.xlsx,Sheet1,7,保留独立产线,可按同产品读取
CN085,湖南邦普循环科技有限公司,湖南邦普循环科技有限公司,硫酸镍,湖南,长沙市,民企,镍盐加工,S008,中国纯镍硫酸镍项目.xlsx,Sheet1,8,保留独立产线,可按同产品读取
CN086,广东佳纳能源科技有限公司,广东佳纳能源科技有限公司,硫酸镍,广东,清远市,民企,镍盐加工,S009,中国纯镍硫酸镍项目.xlsx,Sheet1,9,保留独立产线,可按同产品读取
CN087,中冶瑞木新能源科技有限公司,中冶瑞木新能源科技有限公司,硫酸镍,河北,唐山市,央企,镍盐加工,S010,中国纯镍硫酸镍项目.xlsx,Sheet1,10,保留独立产线,可按同产品读取
CN088,"Guangxi Yinyi New Materials Co., Ltd. 广西银亿新材料有限公司",广西银亿新材料有限公司,硫酸镍,广西,玉林市,民企,镍盐加工,S011,中国纯镍硫酸镍项目.xlsx,Sheet1,11,保留独立产线,可按同产品读取
CN089,广东芳源环保股份有限公司,广东芳源环保股份有限公司,硫酸镍,广东,江门市,民企,镍盐加工,S012,中国纯镍硫酸镍项目.xlsx,Sheet1,12,保留独立产线,可按同产品读取
CN090,广西智亮新材料股份有限公司,广西智亮新材料股份有限公司,硫酸镍,广西,南宁市,民企,镍盐加工,S013,中国纯镍硫酸镍项目.xlsx,Sheet1,13,保留独立产线,可按同产品读取
CN091,金柯有色金属有限公司,金柯有色金属有限公司,硫酸镍,甘肃,金昌市,外资,镍盐加工,S014,中国纯镍硫酸镍项目.xlsx,Sheet1,14,保留独立产线,可按同产品读取
CN092,"Tianjin Maolian Technology Co., Ltd. 天津市茂联科技有限公司",天津市茂联科技有限公司,硫酸镍,天津,天津市,民企,镍盐加工,S015,中国纯镍硫酸镍项目.xlsx,Sheet1,15,保留独立产线,可按同产品读取
CN093,江门市长优实业有限公司,江门市长优实业有限公司,硫酸镍,广东,江门市,外资,镍盐加工,S016,中国纯镍硫酸镍项目.xlsx,Sheet1,16,保留独立产线,可按同产品读取
CN094,"Jilin Jien Nickel Industry Co., Ltd. 吉林吉恩镍业股份有限公司",吉林吉恩镍业股份有限公司,硫酸镍,吉林,吉林市,民企,镍盐加工,S017,中国纯镍硫酸镍项目.xlsx,Sheet1,17,保留独立产线,可按同产品读取
CN095,眉山顺应动力电池材料有限公司,眉山顺应动力电池材料有限公司,硫酸镍,四川,成都市,民企,镍盐加工,S018,中国纯镍硫酸镍项目.xlsx,Sheet1,18,保留独立产线,可按同产品读取
CN096,赣州吉锐新能源科技有限公司（江西力道）,赣州吉锐新能源科技有限公司（江西力道）,硫酸镍,江西,赣州市,民企,镍盐加工,S019,中国纯镍硫酸镍项目.xlsx,Sheet1,19,保留独立产线,可按同产品读取
CN097,万华化学电池产业公司,万华化学电池产业公司,硫酸镍,山东,烟台市,国企,镍盐加工,S020,中国纯镍硫酸镍项目.xlsx,Sheet1,20,保留独立产线,可按同产品读取
CN098,"Ganzhou Tengyuan Cobalt New Materials Co., Ltd. 赣州腾远钴业",赣州腾远钴业,硫酸镍,江西,赣州市,民企,镍盐加工,S021,中国纯镍硫酸镍项目.xlsx,Sheet1,21,保留独立产线,可按同产品读取
CN099,浙江路加新能源有限公司,浙江路加新能源有限公司,硫酸镍,浙江,台州市,民企,镍盐加工,S022,中国纯镍硫酸镍项目.xlsx,Sheet1,22,保留独立产线,可按同产品读取
CN100,"Chizhou CN Material New Materials Technology Co., Ltd. 池州西恩新材料科技有限公司",池州西恩新材料科技有限公司,硫酸镍,安徽,池州市,民企,镍盐加工,S023,中国纯镍硫酸镍项目.xlsx,Sheet1,23,保留独立产线,可按同产品读取
CN101,"Zhejiang New Era Zhongneng Technology Co., Ltd. 浙江新时代中能循环科技有限公司",浙江新时代中能循环科技有限公司,硫酸镍,浙江,绍兴市,民企,镍盐加工,S024,中国纯镍硫酸镍项目.xlsx,Sheet1,24,保留独立产线,可按同产品读取
CN102,广东威马新材料股份有限公司,广东威马新材料股份有限公司,硫酸镍,广东,韶关市,民企,镍盐加工,S025,中国纯镍硫酸镍项目.xlsx,Sheet1,25,保留独立产线,可按同产品读取
CN103,福建常青新能源科技有限公司,福建常青新能源科技有限公司,硫酸镍,福建,龙岩市,民企,镍盐加工,S026,中国纯镍硫酸镍项目.xlsx,Sheet1,26,保留独立产线,可按同产品读取
CN104,"Yantai Kaishi Industry Co., Ltd. 烟台凯实工业有限公司",烟台凯实工业有限公司,硫酸镍,山东,烟台市,民企,镍盐加工,S027,中国纯镍硫酸镍项目.xlsx,Sheet1,27,保留独立产线,可按同产品读取
CN105,河南科隆新能源股份有限公司,河南科隆新能源股份有限公司,硫酸镍,河南,新乡市,民企,镍盐加工,S028,中国纯镍硫酸镍项目.xlsx,Sheet1,28,保留独立产线,可按同产品读取
CN106,湖南金驰能源材料有限公司,湖南金驰能源材料有限公司,硫酸镍,湖南,长沙市,国企,镍盐加工,S029,中国纯镍硫酸镍项目.xlsx,Sheet1,29,保留独立产线,可按同产品读取
CN107,浙江三晟化工有限公司,浙江三晟化工有限公司,硫酸镍,浙江,衢州市,国企,镍盐加工,S030,中国纯镍硫酸镍项目.xlsx,Sheet1,30,保留独立产线,可按同产品读取
CN108,江西睿达环保有限公司,江西睿达环保有限公司,硫酸镍,江西,宜春市,民企,镍盐加工,S031,中国纯镍硫酸镍项目.xlsx,Sheet1,31,保留独立产线,可按同产品读取
CN109,陕西聚泰新材料科技有限公司,陕西聚泰新材料科技有限公司,硫酸镍,陕西,渭南市,民企,镍盐加工,S032,中国纯镍硫酸镍项目.xlsx,Sheet1,32,保留独立产线,可按同产品读取
CN110,肇庆市金晟金属实业有限公司,肇庆市金晟金属实业有限公司,硫酸镍,广东,深圳市,民企,镍盐加工,S033,中国纯镍硫酸镍项目.xlsx,Sheet1,33,保留独立产线,可按同产品读取
CN111,"Jiangxi Province Guangde Environmental Protection Technology Co., Ltd. 江西省广德环保科技股份有限公司",江西省广德环保科技股份有限公司,硫酸镍,江西,抚州市,民企,镍盐加工,S034,中国纯镍硫酸镍项目.xlsx,Sheet1,34,保留独立产线,可按同产品读取
CN112,上海格派镍钴能源技术集团有限公司,上海格派镍钴能源技术集团有限公司,硫酸镍,上海,徐汇区,民企,镍盐加工,S035,中国纯镍硫酸镍项目.xlsx,Sheet1,35,保留独立产线,可按同产品读取
CN113,辽宁华信钴业科技有限公司,辽宁华信钴业科技有限公司,硫酸镍,辽宁,葫芦岛市,民企,镍盐加工,S036,中国纯镍硫酸镍项目.xlsx,Sheet1,36,保留独立产线,可按同产品读取
CN114,湖北长宸锂能循环科技有限公司,湖北长宸锂能循环科技有限公司,硫酸镍,湖北,枝江市,民企,镍盐加工,S037,中国纯镍硫酸镍项目.xlsx,Sheet1,37,保留独立产线,可按同产品读取
CN115,全南县瑞隆科技有限公司,全南县瑞隆科技有限公司,硫酸镍,江西,全南县,民企,镍盐加工,S038,中国纯镍硫酸镍项目.xlsx,Sheet1,38,保留独立产线,可按同产品读取
CN116,湖南金源新材料股份有限公司,湖南金源新材料股份有限公司,硫酸镍,湖南,益阳市,民企,镍盐加工,S039,中国纯镍硫酸镍项目.xlsx,Sheet1,39,保留独立产线,可按同产品读取
CN117,余姚市环科再生资源有限公司,余姚市环科再生资源有限公司,硫酸镍,浙江,余姚市,民企,镍盐加工,S040,中国纯镍硫酸镍项目.xlsx,Sheet1,40,保留独立产线,可按同产品读取
CN118,江西自立环保科技有限公司,江西自立环保科技有限公司,硫酸镍,江西,抚州市,民企,镍盐加工,S041,中国纯镍硫酸镍项目.xlsx,Sheet1,41,保留独立产线,可按同产品读取
CN119,启东市北新无机化工有限公司,启东市北新无机化工有限公司,硫酸镍,江苏,南通市,民企,镍盐加工,S042,中国纯镍硫酸镍项目.xlsx,Sheet1,42,保留独立产线,可按同产品读取
CN120,桑顿新能源科技有限公司,桑顿新能源科技有限公司,硫酸镍,湖南,湘潭市,民企,镍盐加工,S043,中国纯镍硫酸镍项目.xlsx,Sheet1,43,保留独立产线,可按同产品读取
CN121,南通新玮镍钴科技发展有限公司,南通新玮镍钴科技发展有限公司,硫酸镍,江苏,张家港,外资,镍盐加工,S044,中国纯镍硫酸镍项目.xlsx,Sheet1,44,保留独立产线,可按同产品读取
CN122,吉林亚融科技股份有限公司,吉林亚融科技股份有限公司,硫酸镍,吉林,吉林市,民企,镍盐加工,S045,中国纯镍硫酸镍项目.xlsx,Sheet1,45,保留独立产线,可按同产品读取
CN123,浙江升阳再生资源科技股份有限公司,浙江升阳再生资源科技股份有限公司,硫酸镍,浙江,金华市,民企,镍盐加工,S046,中国纯镍硫酸镍项目.xlsx,Sheet1,46,保留独立产线,可按同产品读取
CN124,宁波华吉新材料科技有限公司,宁波华吉新材料科技有限公司,硫酸镍,浙江,慈溪市,民企,镍盐加工,S047,中国纯镍硫酸镍项目.xlsx,Sheet1,47,保留独立产线,可按同产品读取
CN125,广东飞南资源利用股份有限公司,广东飞南资源利用股份有限公司,硫酸镍,广东,肇庆市,民企,镍盐加工,S048,中国纯镍硫酸镍项目.xlsx,Sheet1,48,保留独立产线,可按同产品读取
CN126,浙江天能新材料有限公司,浙江天能新材料有限公司,硫酸镍,浙江,湖州市,民企,镍盐加工,S049,中国纯镍硫酸镍项目.xlsx,Sheet1,49,保留独立产线,可按同产品读取
CN127,广东光华科技股份有限公司,广东光华科技股份有限公司,硫酸镍,广东,汕头市,民企,镍盐加工,S050,中国纯镍硫酸镍项目.xlsx,Sheet1,50,保留独立产线,可按同产品读取
CN128,阳江市绿森工贸有限公司,阳江市绿森工贸有限公司,硫酸镍,广东,阳江市,民企,镍盐加工,S051,中国纯镍硫酸镍项目.xlsx,Sheet1,51,保留独立产线,可按同产品读取
CN129,上饶市鼎鑫金属化工有限公司,上饶市鼎鑫金属化工有限公司,硫酸镍,江西,上饶市,外资,镍盐加工,S052,中国纯镍硫酸镍项目.xlsx,Sheet1,52,保留独立产线,可按同产品读取
CN130,赣州市豪鹏科技有限公司,赣州市豪鹏科技有限公司,硫酸镍,江西,赣州市,民企,镍盐加工,S053,中国纯镍硫酸镍项目.xlsx,Sheet1,53,保留独立产线,可按同产品读取
CN131,包头锐博新能源材料有限公司,包头锐博新能源材料有限公司,硫酸镍,内蒙古,包头市,民企,镍盐加工,S054,中国纯镍硫酸镍项目.xlsx,Sheet1,54,保留独立产线,可按同产品读取
CN132,大连瑞源动力股份有限公司,大连瑞源动力股份有限公司,硫酸镍,辽宁,大连市,民企,镍盐加工,S055,中国纯镍硫酸镍项目.xlsx,Sheet1,55,保留独立产线,可按同产品读取
CN133,江西江钨钴业有限公司,江西江钨钴业有限公司,硫酸镍,江西,赣州市,国企,镍盐加工,S056,中国纯镍硫酸镍项目.xlsx,Sheet1,56,保留独立产线,可按同产品读取
CN134,江西赣峰锂业,江西赣峰锂业,硫酸镍,江西,赣州,民企,镍盐加工,S057,中国纯镍硫酸镍项目.xlsx,Sheet1,57,保留独立产线,可按同产品读取
CN135,贵州鹏程新材料有限公司,贵州鹏程新材料有限公司,硫酸镍,贵州,铜仁市,民企,镍盐加工,S058,中国纯镍硫酸镍项目.xlsx,Sheet1,58,保留独立产线,可按同产品读取
CN136,山西正兴有色金属有限公司,山西正兴有色金属有限公司,硫酸镍,山西,阳泉市,民企,镍盐加工,S059,中国纯镍硫酸镍项目.xlsx,Sheet1,59,保留独立产线,可按同产品读取
CN137,江西天奇金泰阁钴业有限公司,江西天奇金泰阁钴业有限公司,硫酸镍,江西,赣州市,民企,镍盐加工,S060,中国纯镍硫酸镍项目.xlsx,Sheet1,60,保留独立产线,可按同产品读取
CN138,蜀矿环锂科技公司,蜀矿环锂科技公司,硫酸镍,四川,遂宁市,国企,镍盐加工,S061,中国纯镍硫酸镍项目.xlsx,Sheet1,61,保留独立产线,可按同产品读取
CN139,盛屯矿业,盛屯矿业,硫酸镍,福建,厦门市,民企,镍盐加工,S062,中国纯镍硫酸镍项目.xlsx,Sheet1,62,保留独立产线,可按同产品读取
CN140,韶关中弘金属实业有限公司,韶关中弘金属实业有限公司,硫酸镍,广东,韶关市,民企,镍盐加工,S063,中国纯镍硫酸镍项目.xlsx,Sheet1,63,保留独立产线,可按同产品读取
CN141,宁波容百新能源科技股份有限公司,宁波容百新能源科技股份有限公司,硫酸镍,浙江,宁波市,民企,镍盐加工,S064,中国纯镍硫酸镍项目.xlsx,Sheet1,64,保留独立产线,可按同产品读取
CN142,江苏领先再生资源科技有限公司,江苏领先再生资源科技有限公司,硫酸镍,江苏,常州市,民企,镍盐加工,S065,中国纯镍硫酸镍项目.xlsx,Sheet1,65,保留独立产线,可按同产品读取
CN143,浙江帕瓦新能源股份有限公司,浙江帕瓦新能源股份有限公司,硫酸镍,浙江,诸暨市,民企,镍盐加工,S066,中国纯镍硫酸镍项目.xlsx,Sheet1,66,保留独立产线,可按同产品读取
CN144,宜宾光原锂电材料有限公司,宜宾光原锂电材料有限公司,硫酸镍,四川,宜宾市,国企,镍盐加工,S067,中国纯镍硫酸镍项目.xlsx,Sheet1,67,保留独立产线,可按同产品读取
CN145,盐城星创资源循环利用有限公司,盐城星创资源循环利用有限公司,硫酸镍,江苏,东台市,民企,镍盐加工,S068,中国纯镍硫酸镍项目.xlsx,Sheet1,68,保留独立产线,可按同产品读取
CN146,华泽钴镍材料股份有限公司,华泽钴镍材料股份有限公司,硫酸镍,四川,成都市,民企,镍盐加工,S069,中国纯镍硫酸镍项目.xlsx,Sheet1,69,保留独立产线,可按同产品读取
CN147,余姚市鑫和电池材料有限公司,余姚市鑫和电池材料有限公司,硫酸镍,浙江,余姚市,民企,镍盐加工,S070,中国纯镍硫酸镍项目.xlsx,Sheet1,70,保留独立产线,可按同产品读取
CN148,新乡超能电源有限公司（新乡帝龙）,新乡超能电源有限公司（新乡帝龙）,硫酸镍,河南,新乡市,民企,镍盐加工,S071,中国纯镍硫酸镍项目.xlsx,Sheet1,71,保留独立产线,可按同产品读取
CN149,伟明盛青能源新材料有限公司,伟明盛青能源新材料有限公司,硫酸镍,浙江,温州市,民企,镍盐加工,S072,中国纯镍硫酸镍项目.xlsx,Sheet1,72,保留独立产线,可按同产品读取
CN150,湖南金凯循环科技股份有限公司,湖南金凯循环科技股份有限公司,硫酸镍,湖南,衡阳市,民企,镍盐加工,S073,中国纯镍硫酸镍项目.xlsx,Sheet1,73,保留独立产线,可按同产品读取
CN151,湖北睿勤新能源科技有限公司,湖北睿勤新能源科技有限公司,硫酸镍,湖北,荆州市,民企,镍盐加工,S074,中国纯镍硫酸镍项目.xlsx,Sheet1,74,保留独立产线,可按同产品读取
CN152,贵州星茂新材料有限公司,贵州星茂新材料有限公司,硫酸镍,贵州,铜仁市,民企,镍盐加工,S075,中国纯镍硫酸镍项目.xlsx,Sheet1,75,保留独立产线,可按同产品读取
CN153,金川集团股份有限公司 金昌纯镍产线,金川电解,纯镍,甘肃,,国企,电解,R005,中国纯镍硫酸镍项目.xlsx,Sheet2,5,保留独立产线,可按同产品读取
CN153,金川集团股份有限公司 金昌纯镍产线,金川电积,纯镍,甘肃,,国企,电积,R006,中国纯镍硫酸镍项目.xlsx,Sheet2,6,保留独立产线,可按同产品读取
CN088,"Guangxi Yinyi New Materials Co., Ltd. 广西银亿新材料有限公司",广西银亿新材料有限公司,纯镍,广西,,民企,电积,R007,中国纯镍硫酸镍项目.xlsx,Sheet2,7,保留独立产线,可按同产品读取
CN154,"GEM Co., Ltd. 格林美股份有限公司",格林美股份有限公司,纯镍,湖北,,民企,电积,R008,中国纯镍硫酸镍项目.xlsx,Sheet2,8,保留独立产线,可按同产品读取
CN155,Guangxi Huayou 广西华友新材料有限公司 广西华友,广西华友,纯镍,广西,,民企,电积,R010,中国纯镍硫酸镍项目.xlsx,Sheet2,10,保留独立产线,可按同产品读取
CN156,Quzhou Huayou 衢州华友钴新材料有限公司 衢州华友,衢州华友,纯镍,浙江,,民企,电积,R011,中国纯镍硫酸镍项目.xlsx,Sheet2,11,保留独立产线,可按同产品读取
CN094,"Jilin Jien Nickel Industry Co., Ltd. 吉林吉恩镍业股份有限公司",吉林吉恩镍业股份有限公司,纯镍,吉林,,民企,电解,R012,中国纯镍硫酸镍项目.xlsx,Sheet2,12,保留独立产线,可按同产品读取
CN111,"Jiangxi Province Guangde Environmental Protection Technology Co., Ltd. 江西省广德环保科技股份有限公司",江西省广德环保科技股份有限公司,纯镍,江西,,民企,电积,R013,中国纯镍硫酸镍项目.xlsx,Sheet2,13,保留独立产线,可按同产品读取
CN157,Guangxi Huaze 广西华泽,广西华泽,纯镍,广西,,民企,电积,R015,中国纯镍硫酸镍项目.xlsx,Sheet2,15,保留独立产线,可按同产品读取
CN158,Jiangxi Huaze 江西华泽,江西华泽,纯镍,江西,,民企,电积,R016,中国纯镍硫酸镍项目.xlsx,Sheet2,16,保留独立产线,可按同产品读取
CN159,Xinjiang Xinxin Mining 新疆新鑫矿业,新疆新鑫矿业,纯镍,新疆,,国企,电积,R017,中国纯镍硫酸镍项目.xlsx,Sheet2,17,保留独立产线,可按同产品读取
CN160,"Yunxi Group Yuanjiang Nickel Industry Co., Ltd. 云锡集团元江镍业有限责任公司",云锡集团元江镍业有限责任公司,纯镍,云南,,国企,电积,R018,中国纯镍硫酸镍项目.xlsx,Sheet2,18,保留独立产线,可按同产品读取
CN161,"Zhejiang Yuanli Renewable Resources Co., Ltd. 浙江元力再生资源有限公司",浙江元力再生资源有限公司,纯镍,浙江,,民企,电积,R019,中国纯镍硫酸镍项目.xlsx,Sheet2,19,保留独立产线,可按同产品读取
CN104,"Yantai Kaishi Industry Co., Ltd. 烟台凯实工业有限公司",烟台凯实工业有限公司,纯镍,山东,,民企,电积,R020,中国纯镍硫酸镍项目.xlsx,Sheet2,20,保留独立产线,可按同产品读取
CN092,"Tianjin Maolian Technology Co., Ltd. 天津市茂联科技有限公司",天津市茂联科技有限公司,纯镍,天津,,民企,电积,R021,中国纯镍硫酸镍项目.xlsx,Sheet2,21,保留独立产线,可按同产品读取
CN162,"Zhejiang Lujia New Materials Co., Ltd. 浙江路加新材料有限公司",浙江路加新材料有限公司,纯镍,浙江,,民企,电积,R022,中国纯镍硫酸镍项目.xlsx,Sheet2,22,保留独立产线,可按同产品读取
CN163,"Jiangsu Qisheng Metal Technology Co., Ltd. 江苏祺生金属科技有限公司",江苏祺生金属科技有限公司,纯镍,江苏,,民企,电积,R023,中国纯镍硫酸镍项目.xlsx,Sheet2,23,保留独立产线,可按同产品读取
CN164,广西中伟新能源科技有限公司 钦州纯镍产线,中伟一期,纯镍,广西,,民企,电积,R025,中国纯镍硫酸镍项目.xlsx,Sheet2,25,保留独立产线,可按同产品读取
CN164,广西中伟新能源科技有限公司 钦州纯镍产线,中伟二期,纯镍,广西,,民企,电积,R026,中国纯镍硫酸镍项目.xlsx,Sheet2,26,保留独立产线,可按同产品读取
CN100,"Chizhou CN Material New Materials Technology Co., Ltd. 池州西恩新材料科技有限公司",池州西恩新材料科技有限公司,纯镍,安徽,,民企,电积,R027,中国纯镍硫酸镍项目.xlsx,Sheet2,27,保留独立产线,可按同产品读取
CN165,"Zhejiang Weiming Environmental Protection Co., Ltd. 浙江伟明环保股份有限公司",浙江伟明环保股份有限公司,纯镍,浙江,,民企,电积,R028,中国纯镍硫酸镍项目.xlsx,Sheet2,28,保留独立产线,可按同产品读取
CN166,"Shaanxi Jutai New Materials Technology Co., Ltd. 陕西聚泰新材料科技有限公司（浙江统计项目）",陕西聚泰新材料科技有限公司,纯镍,浙江,,民企,电积,R029,中国纯镍硫酸镍项目.xlsx,Sheet2,29,保留独立产线,可按同产品读取
CN167,"Nanjing Hanrui Cobalt Co., Ltd. 南京寒锐钴业股份有限公司",南京寒锐钴业股份有限公司,纯镍,江西,,民企,电积,R030,中国纯镍硫酸镍项目.xlsx,Sheet2,30,保留独立产线,可按同产品读取
CN098,"Ganzhou Tengyuan Cobalt New Materials Co., Ltd. 赣州腾远钴业",赣州腾远钴业新材料股份有限公司,纯镍,江西,,民企,电积,R031,中国纯镍硫酸镍项目.xlsx,Sheet2,31,保留独立产线,可按同产品读取
CN168,"Shanghai Greatpower Technology Co., Ltd. 上海格派镍钴材料股份有限公司",上海格派镍钴材料股份有限公司,纯镍,广西,,民企,电积,R032,中国纯镍硫酸镍项目.xlsx,Sheet2,32,保留独立产线,可按同产品读取
CN101,"Zhejiang New Era Zhongneng Technology Co., Ltd. 浙江新时代中能循环科技有限公司",浙江新时代中能科技股份有限公司,纯镍,浙江,,民企,电积,R033,中国纯镍硫酸镍项目.xlsx,Sheet2,33,保留独立产线,可按同产品读取
CN169,Chengtun Mining 盛屯矿业,盛屯矿业,纯镍,贵州,,民企,电积,R034,中国纯镍硫酸镍项目.xlsx,Sheet2,34,保留独立产线,可按同产品读取
CN170,"Guangdong Feinan Resources Utilization Co., Ltd. 广东飞南资源利用股份有限公司",广东飞南资源利用股份有限公司,纯镍,江西,,民企,电积,R035,中国纯镍硫酸镍项目.xlsx,Sheet2,35,保留独立产线,可按同产品读取
