项目ID,序号,产品,日期,月份,出口商(标准化),出口商(原始),园区,出发港,买家,目的国,到货港,HS,重量(吨),Ni%原文,Ni%(修正),品位来源,Ni金属量(吨),金额USD,USD每实物吨,USD每镍吨,品名,质量标记,数据源,excel_row
NPI037,55,高冰镍,2023-01-12,2023-01,PT LESTARI SMELTER INDONESIA,PT LESTARI SMELTER INDONESIA,IMIP(Morowali),Bahudopi,GLENCORE NIKKELVERK A S,Norway,Kristiansand,75011000,677.12,,72.76,"推算(全国高冰加权72.76,弱)",492.67,9561713.29,14121,19408,NICKEL MATTE,,中间品矩阵(75章+720150等),56
NPI037,113,高冰镍,2023-01-20,2023-01,PT LESTARI SMELTER INDONESIA,PT LESTARI SMELTER INDONESIA,IMIP(Morowali),Bahudopi,"Changsha Shangchuang Trading Co., Ltd.",China,Qinzhou,75011000,809.92,,72.76,"推算(全国高冰加权72.76,弱)",589.3,11089577.74,13692,18818,NICKEL MATTE,,中间品矩阵(75章+720150等),114
NPI037,133,高冰镍,2023-01-24,2023-01,PT LESTARI SMELTER INDONESIA,PT LESTARI SMELTER INDONESIA,IMIP(Morowali),Bahudopi,"Zhejiang Xinan International Trade Group Co., Ltd.",China,Ningbo,75011000,670.49,,72.76,"推算(全国高冰加权72.76,弱)",487.85,9208338.03,13734,18875,NICKEL MATTE,,中间品矩阵(75章+720150等),134
NPI037,415,高冰镍,2023-03-18,2023-03,PT LESTARI SMELTER INDONESIA,PT LESTARI SMELTER INDONESIA,IMIP(Morowali),Bahudopi,"Zhejiang Xinan International Trade Group Co., Ltd.",China,Ningbo,75011000,268.4,,72.76,"推算(全国高冰加权72.76,弱)",195.29,3703490.92,13798,18964,NICKEL MATTE,,中间品矩阵(75章+720150等),416
NPI037,704,NPI/FeNi,2023-05-08,2023-05,PT LESTARI SMELTER INDONESIA,PT LESTARI SMELTER INDONESIA,IMIP(Morowali),Bahudopi,"Shanghai Decent Investment (Group) Co., Ltd.",China,Yangjiang,72026000,5653.67,11,11,原文提取,621.9,8333510,1474,13400,11.00 PCT OF NICKEL PIG IRON,,NPI矩阵(720260),705
NPI037,816,NPI/FeNi,2023-05-24,2023-05,PT LESTARI SMELTER INDONESIA,PT LESTARI SMELTER INDONESIA,IMIP(Morowali),Bahudopi,"Tsingshan Holding Group Co., Ltd.",China,Ningde,72026000,4625.11,11.15,11.15,原文提取,515.7,7046006,1523,13663,11.15 PCT OF NICKEL PIG IRON,,NPI矩阵(720260),817
NPI037,976,NPI/FeNi,2023-06-15,2023-06,PT LESTARI SMELTER INDONESIA,PT LESTARI SMELTER INDONESIA,IMIP(Morowali),Bahudopi,"Shanghai Decent Investment (Group) Co., Ltd.",China,Ningde,72026000,5499.33,11.02,11.02,原文提取,606.03,8333466,1515,13751,11.02 PCT OF NICKEL PIG IRON,,NPI矩阵(720260),977
NPI037,1024,NPI/FeNi,2023-06-22,2023-06,PT LESTARI SMELTER INDONESIA,PT LESTARI SMELTER INDONESIA,IMIP(Morowali),Bahudopi,"Tsingshan Holding Group Co., Ltd.",China,Ningde,72026000,4911.95,10.92,10.92,原文提取,536.38,7375829,1502,13751,10.92 PCT OF NICKEL PIG IRON,,NPI矩阵(720260),1025
NPI037,1055,NPI/FeNi,2023-06-26,2023-06,PT LESTARI SMELTER INDONESIA,PT LESTARI SMELTER INDONESIA,IMIP(Morowali),Bahudopi,"Tsingshan Holding Group Co., Ltd.",China,Ningde,72026000,10000.05,10.36,10.36,原文提取,1036.01,14246107,1425,13751,10.36 PCT OF NICKEL PIG IRON,,NPI矩阵(720260),1056
NPI037,1085,NPI/FeNi,2023-07-02,2023-07,PT LESTARI SMELTER INDONESIA,PT LESTARI SMELTER INDONESIA,IMIP(Morowali),Bahudopi,"Tsingshan Holding Group Co., Ltd.",China,Yangjiang,72026000,5154.91,10.84,10.84,原文提取,558.79,7202832,1397,12890,10.84 PCT OF NICKEL PIG IRON,,NPI矩阵(720260),1086
NPI037,1188,NPI/FeNi,2023-07-15,2023-07,PT LESTARI SMELTER INDONESIA,PT LESTARI SMELTER INDONESIA,IMIP(Morowali),Bahudopi,"Shanghai Decent Investment (Group) Co., Ltd.",China,Ningde,72026000,5500.05,11.7,11.7,原文提取,643.51,8294147,1508,12889,11.70 PCT OF NICKEL PIG IRON,,NPI矩阵(720260),1189
NPI037,1304,NPI/FeNi,2023-07-29,2023-07,PT LESTARI SMELTER INDONESIA,PT LESTARI SMELTER INDONESIA,IMIP(Morowali),Bahudopi,"Tsingshan Holding Group Co., Ltd.",China,Ningde,72026000,10500.05,11.44,11.44,原文提取,1201.21,15121979,1440,12589,11.44 PCT OF NICKEL PIG IRON,,NPI矩阵(720260),1305
NPI037,1338,NPI/FeNi,2023-08-04,2023-08,PT LESTARI SMELTER INDONESIA,PT LESTARI SMELTER INDONESIA,IMIP(Morowali),Bahudopi,"Tsingshan Holding Group Co., Ltd.",China,Ningde,72026000,5900.04,13.13,13.13,原文提取,774.68,9870137,1673,12741,13.13 PCT OF NICKEL PIG IRON,,NPI矩阵(720260),1339
NPI037,1384,NPI/FeNi,2023-08-11,2023-08,PT LESTARI SMELTER INDONESIA,PT LESTARI SMELTER INDONESIA,IMIP(Morowali),Bahudopi,JINDAL STAINLESS LIMITED,India,Paradip Port,72026000,1550.29,13.55,13.55,原文提取,210.06,2669497,1722,12708,13.55 PCT OF NICKEL PIG IRON,,NPI矩阵(720260),1385
NPI037,1407,NPI/FeNi,2023-08-13,2023-08,PT LESTARI SMELTER INDONESIA,PT LESTARI SMELTER INDONESIA,IMIP(Morowali),Bahudopi,"Shanghai Decent Investment (Group) Co., Ltd.",China,Ningde,72026000,5700.05,12.35,12.35,原文提取,703.96,8945875,1569,12708,12.35 PCT OF NICKEL PIG IRON,,NPI矩阵(720260),1408
NPI037,1484,NPI/FeNi,2023-08-22,2023-08,PT LESTARI SMELTER INDONESIA,PT LESTARI SMELTER INDONESIA,IMIP(Morowali),Bahudopi,"Shanghai Decent Investment (Group) Co., Ltd.",China,Ningde,72026000,5381.2,10.89,10.89,原文提取,586.01,7363835,1368,12566,10.89% OF NICKEL PIG IRON,,NPI矩阵(720260),1485
NPI037,1541,NPI/FeNi,2023-08-29,2023-08,PT LESTARI SMELTER INDONESIA,PT LESTARI SMELTER INDONESIA,IMIP(Morowali),Bahudopi,"Tsingshan Holding Group Co., Ltd.",China,Ningde,72026000,10013.29,11.47,11.47,原文提取,1148.52,15129511,1511,13173,11.47% OF NICKEL PIG IRON,,NPI矩阵(720260),1542
NPI037,1580,NPI/FeNi,2023-09-05,2023-09,PT LESTARI SMELTER INDONESIA,PT LESTARI SMELTER INDONESIA,IMIP(Morowali),Bahudopi,"Shanghai Decent Investment (Group) Co., Ltd.",China,Ningde,72026000,4700.04,11.48,11.48,原文提取,539.56,7192396,1530,13330,11.48% OF NICKEL PIG IRON,,NPI矩阵(720260),1581
NPI037,1627,NPI/FeNi,2023-09-10,2023-09,PT LESTARI SMELTER INDONESIA,PT LESTARI SMELTER INDONESIA,IMIP(Morowali),Bahudopi,"Zhejiang Ever Rising Mining Group Co., Ltd.",China,Ningde,72026000,4500.04,11.47,11.47,原文提取,516.15,6880341,1529,13330,11.47% OF NICKEL PIG IRON,,NPI矩阵(720260),1628
NPI037,1736,NPI/FeNi,2023-09-24,2023-09,PT LESTARI SMELTER INDONESIA,PT LESTARI SMELTER INDONESIA,IMIP(Morowali),Bahudopi,"Shanghai Decent Investment (Group) Co., Ltd.",China,Ningde,72026000,7600.05,10.83,10.83,原文提取,823.09,11001360,1448,13366,10.83% OF NICKEL PIG IRON,,NPI矩阵(720260),1737
NPI037,1749,NPI/FeNi,2023-09-25,2023-09,PT LESTARI SMELTER INDONESIA,PT LESTARI SMELTER INDONESIA,IMIP(Morowali),Bahudopi,"Guangdong Jeray Technology Group Co., Ltd.",China,Ningde,72026000,6869.8,10.29,10.29,原文提取,706.9,9481682,1380,13413,10.29% OF NICKEL PIG IRON,,NPI矩阵(720260),1750
NPI037,1772,NPI/FeNi,2023-09-28,2023-09,PT LESTARI SMELTER INDONESIA,PT LESTARI SMELTER INDONESIA,IMIP(Morowali),Bahudopi,"Guangdong Jeray Technology Group Co., Ltd.",China,Ningde,72026000,6028.91,10.74,10.74,原文提取,647.5,8684984,1441,13413,10.74% OF NICKEL PIG IRON,,NPI矩阵(720260),1773
NPI037,1865,NPI/FeNi,2023-10-09,2023-10,PT LESTARI SMELTER INDONESIA,PT LESTARI SMELTER INDONESIA,IMIP(Morowali),Bahudopi,"Tsingtuo Group Co., Ltd.",China,Ningde,72026000,5296.07,11.39,11.39,原文提取,603.22,8340153,1575,13826,11.39% OF NICKEL PIG IRON,,NPI矩阵(720260),1866
NPI037,1893,NPI/FeNi,2023-10-15,2023-10,PT LESTARI SMELTER INDONESIA,PT LESTARI SMELTER INDONESIA,IMIP(Morowali),Bahudopi,"Fujian Qingtuo Industry Co., Ltd.",China,Ningde,72026000,5500.01,10.64,10.64,原文提取,585.2,7960490,1447,13603,10.64% OF NICKEL PIG IRON,,NPI矩阵(720260),1894
NPI037,1973,NPI/FeNi,2023-10-26,2023-10,PT LESTARI SMELTER INDONESIA,PT LESTARI SMELTER INDONESIA,IMIP(Morowali),Bahudopi,"Guangdong Jeray Technology Group Co., Ltd.",China,Ningde,72026000,5000.05,10.59,10.59,原文提取,529.51,7185916,1437,13571,10.59% OF NICKEL PIG IRON,,NPI矩阵(720260),1974
NPI037,2088,NPI/FeNi,2023-11-09,2023-11,PT LESTARI SMELTER INDONESIA,PT LESTARI SMELTER INDONESIA,IMIP(Morowali),Bahudopi,"Guangdong Jeray Technology Group Co., Ltd.",China,Ningde,72026000,5670.88,12.16,12.16,原文提取,689.58,9170022,1617,13298,12.16% OF NICKEL PIG IRON,,NPI矩阵(720260),2089
NPI037,2119,NPI/FeNi,2023-11-14,2023-11,PT LESTARI SMELTER INDONESIA,PT LESTARI SMELTER INDONESIA,IMIP(Morowali),Bahudopi,"Shanghai Decent Investment (Group) Co., Ltd.",China,Yangjiang,72026000,3729.15,10.37,10.37,原文提取,386.71,5166484,1385,13360,10.37% OF NICKEL PIG IRON,,NPI矩阵(720260),2120
NPI037,2160,NPI/FeNi,2023-11-21,2023-11,PT LESTARI SMELTER INDONESIA,PT LESTARI SMELTER INDONESIA,IMIP(Morowali),Bahudopi,"Tsingshan Holding Group Co., Ltd.",China,Ningde,72026000,9200.06,11.4,11.4,原文提取,1048.81,13994230,1521,13343,11.40% OF NICKEL PIG IRON,,NPI矩阵(720260),2161
NPI037,2206,NPI/FeNi,2023-11-25,2023-11,PT LESTARI SMELTER INDONESIA,PT LESTARI SMELTER INDONESIA,IMIP(Morowali),Bahudopi,"Shanghai Decent Investment (Group) Co., Ltd.",China,Ningde,72026000,3300,11.27,11.27,原文提取,371.91,4651850,1410,12508,11.27% OF NICKEL PIG IRON,,NPI矩阵(720260),2207
NPI037,2252,NPI/FeNi,2023-12-05,2023-12,PT LESTARI SMELTER INDONESIA,PT LESTARI SMELTER INDONESIA,IMIP(Morowali),Bahudopi,"Guangdong Jeray Technology Group Co., Ltd.",China,Ningde,72026000,4600.05,11.28,11.28,原文提取,518.89,6241675,1357,12029,11.28% OF NICKEL PIG IRON,,NPI矩阵(720260),2253
NPI037,2348,NPI/FeNi,2023-12-17,2023-12,PT LESTARI SMELTER INDONESIA,PT LESTARI SMELTER INDONESIA,IMIP(Morowali),Bahudopi,"Tsingshan Holding Group Co., Ltd.",China,Ningde,72026000,5676.79,11.51,11.51,原文提取,653.4,7073692,1246,10826,11.51% OF NICKEL PIG IRON,,NPI矩阵(720260),2349
NPI037,2352,NPI/FeNi,2023-12-17,2023-12,PT LESTARI SMELTER INDONESIA,PT LESTARI SMELTER INDONESIA,IMIP(Morowali),Bahudopi,"Shanghai Decent Investment (Group) Co., Ltd.",China,Ningde,72026000,3923.3,9.35,9.35,原文提取,366.83,3971286,1012,10826,9.35% OF NICKEL PIG IRON,,NPI矩阵(720260),2353
NPI037,2412,NPI/FeNi,2023-12-22,2023-12,PT LESTARI SMELTER INDONESIA,PT LESTARI SMELTER INDONESIA,IMIP(Morowali),Bahudopi,"Tsingshan Holding Group Co., Ltd.",China,Ningde,72026000,4620.05,10.34,10.34,原文提取,477.71,5171723,1119,10826,10.34 % OF NICKEL PIG IRON,,NPI矩阵(720260),2413
NPI037,2580,NPI/FeNi,2024-01-12,2024-01,PT LESTARI SMELTER INDONESIA,PT LESTARI SMELTER INDONESIA,IMIP(Morowali),Bahudopi,"Tsingshan Holding Group Co., Ltd.",China,Ningde,72026000,8000.06,11.37,11.37,原文提取,909.61,9842855,1230,10821,11.37% OF NICKEL PIG IRON,,NPI矩阵(720260),2581
NPI037,2728,NPI/FeNi,2024-01-29,2024-01,PT LESTARI SMELTER INDONESIA,PT LESTARI SMELTER INDONESIA,IMIP(Morowali),Bahudopi,"Tsingshan Holding Group Co., Ltd.",China,Ningde,72026000,10000.06,8,8,原文提取,800,8656852,866,10821,8.00% OF NICKEL PIG IRON,,NPI矩阵(720260),2729
NPI037,2827,NPI/FeNi,2024-02-11,2024-02,PT LESTARI SMELTER INDONESIA,PT LESTARI SMELTER INDONESIA,IMIP(Morowali),Bahudopi,"Tsingshan Holding Group Co., Ltd.",China,Ningde,72015000,5531.07,8.83,8.83,原文提取,488.39,5288813.01,956,10829,8.83% OF NICKEL PIG IRON,,中间品矩阵(75章+720150等),2828
NPI037,2842,NPI/FeNi,2024-02-13,2024-02,PT LESTARI SMELTER INDONESIA,PT LESTARI SMELTER INDONESIA,IMIP(Morowali),Bahudopi,"Tsingshan Holding Group Co., Ltd.",China,Ningde,72015000,3236.17,,8,价格法(当月同族k基准),258.89,2856125.52,883,11032,NICKEL PIG IRON,,中间品矩阵(75章+720150等),2843
NPI037,2864,NPI/FeNi,2024-02-16,2024-02,PT LESTARI SMELTER INDONESIA,PT LESTARI SMELTER INDONESIA,IMIP(Morowali),Bahudopi,"Shanghai Decent Investment (Group) Co., Ltd.",China,Ningde,72026000,4900.04,10.26,10.26,原文提取,502.74,5444216,1111,10829,10.26% NICKEL PIG IRON,,NPI矩阵(720260),2865
NPI037,2910,NPI/FeNi,2024-02-22,2024-02,PT LESTARI SMELTER INDONESIA,PT LESTARI SMELTER INDONESIA,IMIP(Morowali),Bahudopi,"Guangdong Jeray Technology Group Co., Ltd.",China,Ningde,72026000,5000.05,10.31,10.31,原文提取,515.51,5582405,1116,10829,10.31% OF NICKEL PIG IRON,,NPI矩阵(720260),2911
NPI037,3003,NPI/FeNi,2024-03-07,2024-03,PT LESTARI SMELTER INDONESIA,PT LESTARI SMELTER INDONESIA,IMIP(Morowali),Bahudopi,"Guangdong Jeray Technology Group Co., Ltd.",China,Ningde,72026000,7419.39,11.78,11.78,原文提取,874,9809822,1322,11224,11.78% OF NICKEL PIG IRON,,NPI矩阵(720260),3004
NPI037,3119,NPI/FeNi,2024-03-21,2024-03,PT LESTARI SMELTER INDONESIA,PT LESTARI SMELTER INDONESIA,IMIP(Morowali),Bahudopi,"Shanghai Decent Investment (Group) Co., Ltd.",China,Ningde,72026000,10000.06,11.85,11.85,原文提取,1185.01,13300520,1330,11224,11.85% OF NICKEL PIG IRON,,NPI矩阵(720260),3120
NPI037,3331,NPI/FeNi,2024-04-12,2024-04,PT LESTARI SMELTER INDONESIA,PT LESTARI SMELTER INDONESIA,IMIP(Morowali),Bahudopi,"Ruipu Technology Group Co., Ltd.",China,Ningde,72026000,5000.05,,11.04,推算(企业整体加权),552.01,6694692,1339,12128,12.25 OF NICKEL PIG IRON,,NPI矩阵(720260),3332
NPI037,3460,NPI/FeNi,2024-04-26,2024-04,PT LESTARI SMELTER INDONESIA,PT LESTARI SMELTER INDONESIA,IMIP(Morowali),Bahudopi,"Shanghai Decent Investment (Group) Co., Ltd.",China,Ningde,72026000,8000.06,,11.04,推算(企业整体加权),883.21,11437238,1430,12950,13.08 OF NICKEL PIG IRON,,NPI矩阵(720260),3461
NPI037,3553,NPI/FeNi,2024-05-04,2024-05,PT LESTARI SMELTER INDONESIA,PT LESTARI SMELTER INDONESIA,IMIP(Morowali),Bahudopi,"Shanghai Decent Investment (Group) Co., Ltd.",China,Yangjiang,72026000,6500.06,,11.04,推算(企业整体加权),717.61,8096468,1246,11283,11.30 OF NICKEL PIG IRON,,NPI矩阵(720260),3554
NPI037,3586,NPI/FeNi,2024-05-10,2024-05,PT LESTARI SMELTER INDONESIA,PT LESTARI SMELTER INDONESIA,IMIP(Morowali),Bahudopi,"Shanghai Decent Investment (Group) Co., Ltd.",China,Yangjiang,72026000,5300.06,,11.04,推算(企业整体加权),585.13,6601749,1246,11283,11.30 OF NICKEL PIG IRON,,NPI矩阵(720260),3587
NPI037,3593,NPI/FeNi,2024-05-11,2024-05,PT LESTARI SMELTER INDONESIA,PT LESTARI SMELTER INDONESIA,IMIP(Morowali),Bahudopi,SEAH CSS CORP,South Korea,Busan (ex Pusan),72026000,199.88,,11.04,推算(企业整体加权),22.07,251244,1257,11386,11.50 OF NICKEL PIG IRON (NPI),,NPI矩阵(720260),3594
NPI054,192,NPI/FeNi,2023-02-05,2023-02,PT WANXIANG NICKEL INDONESIA,PT WANXIANG NICKEL INDONESIA,Morowali(万向),Morowali,"Xiamen Itg Group Corp., Ltd",China,Qinzhou,72026000,8822.48,11,11,原文提取,970.47,17509513,1985,18042,"FERRO-NICKEL 11,22% 8.822,48 METRIC TON",,NPI矩阵(720260),193
NPI054,382,NPI/FeNi,2023-03-12,2023-03,PT WANXIANG NICKEL INDONESIA,PT WANXIANG NICKEL INDONESIA,Morowali(万向),Morowali,"Xiamen Itg Group Corp., Ltd",China,Mawei,72026000,5467.26,11,11,原文提取,601.4,10415398,1905,17319,"FERRO-NICKEL 11,44 % 5.467,258 METRIC TON",,NPI矩阵(720260),383
NPI054,531,NPI/FeNi,2023-04-09,2023-04,PT WANXIANG NICKEL INDONESIA,PT WANXIANG NICKEL INDONESIA,Morowali(万向),Morowali,"Xiamen Itg Group Corp., Ltd",China,Zhanjiang,72026000,5913.97,10.98,10.98,原文提取,649.35,8759626,1481,13490,FERRO-NICKEL 10.98% 5913.97 METRIC TON,,NPI矩阵(720260),532
NPI054,717,NPI/FeNi,2023-05-09,2023-05,PT WANXIANG NICKEL INDONESIA,PT WANXIANG NICKEL INDONESIA,Morowali(万向),Morowali,"Xiamen Itg Group Corp., Ltd",China,Zhangjiagang,72026000,5701.7,10,10,原文提取,570.17,8314995,1458,14583,"FERRO-NICKEL 10,84% 5.701,702 METRIC TON",,NPI矩阵(720260),718
NPI054,1006,NPI/FeNi,2023-06-19,2023-06,PT WANXIANG NICKEL INDONESIA,PT WANXIANG NICKEL INDONESIA,Morowali(万向),Morowali,Da Heng Qin Macao Corporation Ltd.,China,Zhanjiang,72026000,5756.04,10,10,原文提取,575.6,8107635,1409,14085,"FERRO-NICKEL 10,41%",,NPI矩阵(720260),1007
NPI054,1007,NPI/FeNi,2023-06-19,2023-06,PT WANXIANG NICKEL INDONESIA,PT WANXIANG NICKEL INDONESIA,Morowali(万向),Morowali,"Xiamen Itg Group Corp., Ltd",China,Zhanjiang,72026000,1424.27,10,10,原文提取,142.43,2062340,1448,14480,"FERRO-NICKEL 10,80%",,NPI矩阵(720260),1008
NPI054,1008,NPI/FeNi,2023-06-19,2023-06,PT WANXIANG NICKEL INDONESIA,PT WANXIANG NICKEL INDONESIA,Morowali(万向),Morowali,"Yulong Int'L Business Hk Co., Ltd.",China,Zhanjiang,72026000,999.87,10,10,原文提取,99.99,1460571,1461,14608,"FERRO-NICKEL 10,79%",,NPI矩阵(720260),1009
NPI054,1178,NPI/FeNi,2023-07-15,2023-07,PT WANXIANG NICKEL INDONESIA,PT WANXIANG NICKEL INDONESIA,Morowali(万向),Morowali,"Xiamen Itg Group Corp., Ltd",China,Zhangwan,72026000,6401.95,11.3,11.3,原文提取,723.42,9165744,1432,12670,FERRO-NICKEL 11.30%,,NPI矩阵(720260),1179
NPI054,1331,NPI/FeNi,2023-08-03,2023-08,PT WANXIANG NICKEL INDONESIA,PT WANXIANG NICKEL INDONESIA,Morowali(万向),Morowali,"Xiamen Itg Group Corp., Ltd",China,Zhanjiang,72026000,4128.74,10.51,10.51,原文提取,433.93,5750223,1393,13251,"FERRO-NICKEL, NI: 10.51%",,NPI矩阵(720260),1332
NPI054,1332,NPI/FeNi,2023-08-03,2023-08,PT WANXIANG NICKEL INDONESIA,PT WANXIANG NICKEL INDONESIA,Morowali(万向),Morowali,To - Order,,Zhanjiang,72026000,491.652,10.5,10.5,原文提取,51.62,684070.44,1391,13251,"FERRO-NICKEL, NI: 10.50%",全历史档并集补票【#65】,NPI矩阵(720260),1333
NPI054,1681,NPI/FeNi,2023-09-18,2023-09,PT WANXIANG NICKEL INDONESIA,PT WANXIANG NICKEL INDONESIA,Morowali(万向),Morowali,"Xiamen Itg Group Corp., Ltd",China,Ningde,72026000,2462.33,10.73,10.73,原文提取,264.21,3732293,1516,14126,"FERRO-NICKEL, NI: 10.73%",,NPI矩阵(720260),1682
NPI054,1683,NPI/FeNi,2023-09-18,2023-09,PT WANXIANG NICKEL INDONESIA,PT WANXIANG NICKEL INDONESIA,Morowali(万向),Morowali,"Yulong Int'L Business Hk Co., Ltd.",China,Ningde,72026000,6993.25,10.89,10.89,原文提取,761.56,10760474,1539,14129,"FERRO-NICKEL, NI: 10.89%",,NPI矩阵(720260),1684
NPI054,1685,NPI/FeNi,2023-09-18,2023-09,PT WANXIANG NICKEL INDONESIA,PT WANXIANG NICKEL INDONESIA,Morowali(万向),Morowali,"Xiamen Itg Group Corp., Ltd",China,Ningde,72026000,492.81,10.77,10.77,原文提取,53.08,749805,1521,14127,"FERRO-NICKEL, NI: 10.77%",,NPI矩阵(720260),1686
NPI054,1846,NPI/FeNi,2023-10-08,2023-10,PT WANXIANG NICKEL INDONESIA,PT WANXIANG NICKEL INDONESIA,Morowali(万向),Morowali,Sanming Agriculture And Forestry International Trade Co,China,Tieshan,72026000,3400.36,10.58,10.58,原文提取,359.76,4965732,1460,13803,FERRO-NICKEL 10.58%,,NPI矩阵(720260),1847
NPI054,1849,NPI/FeNi,2023-10-08,2023-10,PT WANXIANG NICKEL INDONESIA,PT WANXIANG NICKEL INDONESIA,Morowali(万向),Morowali,"Xiamen Itg Group Corp., Ltd",China,Tieshan,72026000,4549.88,11,11,原文提取,500.49,7201106,1583,14388,"FERRO-NICKEL 11,45%",,NPI矩阵(720260),1850
NPI054,2080,NPI/FeNi,2023-11-08,2023-11,PT WANXIANG NICKEL INDONESIA,PT WANXIANG NICKEL INDONESIA,Morowali(万向),Morowali,"Xiamen Itg Group Corp., Ltd",China,Ningde,72026000,2661.12,10.22,10.22,原文提取,271.97,3407076,1280,12528,FERRO-NICKEL 10.22%,,NPI矩阵(720260),2081
NPI054,2082,NPI/FeNi,2023-11-08,2023-11,PT WANXIANG NICKEL INDONESIA,PT WANXIANG NICKEL INDONESIA,Morowali(万向),Morowali,Sanming Agriculture And Foresty International Trade Co.,China,Ningde,72026000,5366.1,10.6,10.6,原文提取,568.81,7129844,1329,12535,FERRO-NICKEL 10.60%,,NPI矩阵(720260),2083
NPI054,2083,NPI/FeNi,2023-11-08,2023-11,PT WANXIANG NICKEL INDONESIA,PT WANXIANG NICKEL INDONESIA,Morowali(万向),Morowali,"Yulong Int'L Business Hk Co., Ltd.",China,Ningde,72026000,1003.29,11.3,11.3,原文提取,113.37,1422979,1418,12551,FERRO NICKEL 11.30%,,NPI矩阵(720260),2084
NPI054,2084,NPI/FeNi,2023-11-08,2023-11,PT WANXIANG NICKEL INDONESIA,PT WANXIANG NICKEL INDONESIA,Morowali(万向),Morowali,"Xiamen Itg Group Corp., Ltd",China,Ningde,72026000,473.06,11.6,11.6,原文提取,54.87,689088,1457,12557,FERRO NICKEL 11.60%,,NPI矩阵(720260),2085
NPI054,2280,NPI/FeNi,2023-12-06,2023-12,PT WANXIANG NICKEL INDONESIA,PT WANXIANG NICKEL INDONESIA,Morowali(万向),Morowali,"Xiamen Itg Group Corp., Ltd",China,Ningde,72026000,3224.39,10.91,10.91,原文提取,351.78,4028959,1250,11453,FERRO-NICKEL 10.91%,,NPI矩阵(720260),2281
NPI054,2282,NPI/FeNi,2023-12-06,2023-12,PT WANXIANG NICKEL INDONESIA,PT WANXIANG NICKEL INDONESIA,Morowali(万向),Morowali,"Yulong Int'L Business Hk Co., Ltd.",China,Ningde,72026000,4029.28,10.3,10.3,原文提取,415.02,4748685,1179,11442,FERRO-NICKEL 10.30%,,NPI矩阵(720260),2283
NPI054,2285,NPI/FeNi,2023-12-06,2023-12,PT WANXIANG NICKEL INDONESIA,PT WANXIANG NICKEL INDONESIA,Morowali(万向),Morowali,Sanming Agriculture And Forestry International Trade Co,China,Ningde,72026000,3169.77,10.25,10.25,原文提取,324.9,3554593,1121,10941,FERRO-NICKEL 10.25%,,NPI矩阵(720260),2286
NPI054,2439,NPI/FeNi,2023-12-25,2023-12,PT WANXIANG NICKEL INDONESIA,PT WANXIANG NICKEL INDONESIA,Morowali(万向),Morowali,"Xiamen Itg Group Corp., Ltd",China,Ningde,72026000,7302.13,10.49,10.49,原文提取,765.99,8463469,1159,11049,FERRO-NICKEL 10.49%,,NPI矩阵(720260),2440
NPI054,2441,NPI/FeNi,2023-12-25,2023-12,PT WANXIANG NICKEL INDONESIA,PT WANXIANG NICKEL INDONESIA,Morowali(万向),Morowali,"Yulong Int'L Business Hk Co., Ltd.",China,Ningde,72026000,3071.97,10.24,10.24,原文提取,314.57,3474126,1131,11044,FERRO-NICKEL 10.24%,,NPI矩阵(720260),2442
NPI054,2609,NPI/FeNi,2024-01-17,2024-01,PT WANXIANG NICKEL INDONESIA,PT WANXIANG NICKEL INDONESIA,Morowali(万向),Morowali,"Xiamen Itg Group Corp., Ltd",China,Ningde,72026000,10886.39,10.82,10.82,原文提取,1177.91,13138982,1207,11155,FERRO NICKEL 10.82%,,NPI矩阵(720260),2610
NPI054,2700,NPI/FeNi,2024-01-26,2024-01,PT WANXIANG NICKEL INDONESIA,PT WANXIANG NICKEL INDONESIA,Morowali(万向),Morowali,Sanming Agriculture And Foresty International Trade Co.,China,Zhangjiagang,72026000,7386.7,11,11,原文提取,812.54,9223696,1249,11352,"FERRO-NICKEL 11,23%",,NPI矩阵(720260),2701
NPI054,2976,NPI/FeNi,2024-03-03,2024-03,PT WANXIANG NICKEL INDONESIA,PT WANXIANG NICKEL INDONESIA,Morowali(万向),Morowali,"Xiamen Itg Group Corp., Ltd",China,Zhangjiagang,72026000,7537,11.26,11.26,原文提取,848.67,9665679,1282,11389,FERRO-NICKEL 11.26%,,NPI矩阵(720260),2977
NPI054,3290,NPI/FeNi,2024-04-09,2024-04,PT WANXIANG NICKEL INDONESIA,PT WANXIANG NICKEL INDONESIA,Morowali(万向),Morowali,Sanming Agriculture And Foresty International Trade Co.,China,Ningde,72026000,7427.31,10.49,10.49,原文提取,779.12,8489638,1143,10896,FERRO-NICKEL 10.49%,,NPI矩阵(720260),3291
NPI054,3292,NPI/FeNi,2024-04-09,2024-04,PT WANXIANG NICKEL INDONESIA,PT WANXIANG NICKEL INDONESIA,Morowali(万向),Morowali,"Xiamen Itg Group Corp., Ltd",China,Ningde,72026000,495.15,10.49,10.49,原文提取,51.94,566042,1143,10898,FERRO-NICKEL 10.49%,,NPI矩阵(720260),3293
NPI054,3499,NPI/FeNi,2024-04-30,2024-04,PT WANXIANG NICKEL INDONESIA,PT WANXIANG NICKEL INDONESIA,Morowali(万向),Morowali,Sanming Agriculture And Foresty International Trade Co.,China,Ningde,72026000,4265.8,10.09,10.09,原文提取,430.42,4871810,1142,11319,FEROO-NICKEL 10.09%,,NPI矩阵(720260),3500
NPI054,3500,NPI/FeNi,2024-04-30,2024-04,PT WANXIANG NICKEL INDONESIA,PT WANXIANG NICKEL INDONESIA,Morowali(万向),Morowali,"Xiamen Itg Group Corp., Ltd",China,Ningde,72026000,4468.98,10.09,10.09,原文提取,450.92,5156920,1154,11436,FERRO-NICKEL 10.09%,,NPI矩阵(720260),3501
NPI054,3677,NPI/FeNi,2024-05-22,2024-05,PT WANXIANG NICKEL INDONESIA,PT WANXIANG NICKEL INDONESIA,Morowali(万向),Morowali,"Xiamen Itg Group Corp., Ltd",China,Maoming,72026000,7608.26,8.57,8.57,原文提取,652.03,7591145,998,11642,FERRO-NICKEL 8.57%,,NPI矩阵(720260),3678
NPI054,3802,NPI/FeNi,2024-05-31,2024-05,PT WANXIANG NICKEL INDONESIA,PT WANXIANG NICKEL INDONESIA,Morowali(万向),Morowali,"Hongkong Chengtun Metal Co., Ltd.",China,Maoming,72026000,570.04,8.29,8.29,原文提取,47.26,533944,937,11299,FERRO-NICKEL 8.29%,,NPI矩阵(720260),3803
NPI054,3805,NPI/FeNi,2024-05-31,2024-05,PT WANXIANG NICKEL INDONESIA,PT WANXIANG NICKEL INDONESIA,Morowali(万向),Morowali,"Xiamen Itg Group Corp., Ltd",China,Maoming,72026000,4520.04,10.06,10.06,原文提取,454.72,5374672,1189,11820,FERRO-NICKEL 10.06%,,NPI矩阵(720260),3806
NPI054,4028,NPI/FeNi,2024-06-28,2024-06,PT WANXIANG NICKEL INDONESIA,PT WANXIANG NICKEL INDONESIA,Morowali(万向),Morowali,"Xiamen Itg Group Corp., Ltd",China,Ningde,72026000,8242,10.12,10.12,原文提取,834.09,9662025,1172,11584,FERRO-NICKEL 10.12%,,NPI矩阵(720260),4029
NPI054,4316,NPI/FeNi,2024-07-30,2024-07,PT WANXIANG NICKEL INDONESIA,PT WANXIANG NICKEL INDONESIA,Morowali(万向),Morowali,"Xiamen Itg Group Corp., Ltd",China,Maoming,72026000,10723.79,10.51,10.51,原文提取,1127.07,13410758,1251,11899,FERRO-NICKEL 10.51%,,NPI矩阵(720260),4317
NPI054,4586,NPI/FeNi,2024-08-28,2024-08,PT WANXIANG NICKEL INDONESIA,PT WANXIANG NICKEL INDONESIA,Morowali(万向),Morowali,"Xiamen Itg Group Corp., Ltd",China,Xiangshui,72026000,11324.07,11.52,11.52,原文提取,1304.53,16005873,1413,12269,FERRO-NICKEL 11.52%,,NPI矩阵(720260),4587
NPI054,4724,NPI/FeNi,2024-09-12,2024-09,PT WANXIANG NICKEL INDONESIA,PT WANXIANG NICKEL INDONESIA,Morowali(万向),Morowali,"Xiamen Itg Group Corp., Ltd",China,Ningde,72026000,9920.12,10.1,10.1,原文提取,1001.93,11935241,1203,11912,FERRO-NICKEL 10.10%,,NPI矩阵(720260),4725
NPI054,4813,NPI/FeNi,2024-09-21,2024-09,PT WANXIANG NICKEL INDONESIA,PT WANXIANG NICKEL INDONESIA,Morowali(万向),Morowali,Sanming Agriculture And Forestry,China,Yangjiang,72026000,6080,9.01,9.01,原文提取,547.81,6121091,1007,11174,FERRO NICKEL 9.01%,,NPI矩阵(720260),4814
NPI054,4962,NPI/FeNi,2024-10-08,2024-10,PT WANXIANG NICKEL INDONESIA,PT WANXIANG NICKEL INDONESIA,Morowali(万向),Morowali,"Xiamen Itg Group Corp., Ltd",China,Ningde,72026000,8793,9.07,9.07,原文提取,797.53,9311187,1059,11675,FERRO-NICKEL 9.07%,,NPI矩阵(720260),4963
NPI054,5129,NPI/FeNi,2024-10-26,2024-10,PT WANXIANG NICKEL INDONESIA,PT WANXIANG NICKEL INDONESIA,Morowali(万向),Morowali,"Xiamen Itg Group Corp., Ltd",China,Ningde,72026000,10310,10.33,10.33,原文提取,1065.02,13231360,1283,12424,FERRO-NICKEL 10.33%,,NPI矩阵(720260),5130
NPI054,5235,NPI/FeNi,2024-11-07,2024-11,PT WANXIANG NICKEL INDONESIA,PT WANXIANG NICKEL INDONESIA,Morowali(万向),Morowali,"Xiamen Itg Group Corp., Ltd",China,Xiangshui,72026000,6205.89,10.08,10.08,原文提取,625.55,7723353,1245,12346,FERRO-NICKEL 10.08%,,NPI矩阵(720260),5236
NPI054,5236,NPI/FeNi,2024-11-07,2024-11,PT WANXIANG NICKEL INDONESIA,PT WANXIANG NICKEL INDONESIA,Morowali(万向),Morowali,Sanming Agriculture And Forestry International Trade Co,China,Xiangshui,72026000,2068.63,10.06,10.06,原文提取,208.1,2500524,1209,12016,FERRO-NICKEL 10.06%,,NPI矩阵(720260),5237
NPI054,5416,NPI/FeNi,2024-11-24,2024-11,PT WANXIANG NICKEL INDONESIA,PT WANXIANG NICKEL INDONESIA,Morowali(万向),Morowali,Sanming Agriculture And Foresty International Trade Co.,China,Ningde,72026000,3054.23,10.3,10.3,原文提取,314.59,3486909,1142,11084,FERRO-NICKEL 10.30%,,NPI矩阵(720260),5417
NPI054,5417,NPI/FeNi,2024-11-24,2024-11,PT WANXIANG NICKEL INDONESIA,PT WANXIANG NICKEL INDONESIA,Morowali(万向),Morowali,"Xiamen Itg Group Corp., Ltd",China,Ningde,72026000,7126.54,10.28,10.28,原文提取,732.61,8392415,1178,11456,FERRO-NICKEL 10.28%,,NPI矩阵(720260),5418
NPI054,5596,NPI/FeNi,2024-12-12,2024-12,PT WANXIANG NICKEL INDONESIA,PT WANXIANG NICKEL INDONESIA,Morowali(万向),Morowali,"Xiamen Itg Group Corp., Ltd",China,Ningde,72026000,5300,10.41,10.41,原文提取,551.73,6270678,1183,11365,FERRO-NICKEL 10.41%,,NPI矩阵(720260),5597
NPI054,5598,NPI/FeNi,2024-12-12,2024-12,PT WANXIANG NICKEL INDONESIA,PT WANXIANG NICKEL INDONESIA,Morowali(万向),Morowali,"Xiamen Itg Group Corp., Ltd",China,Ningde,72026000,5673.54,10.63,10.63,原文提取,603.1,6857074,1209,11370,FERRO-NICKEL 10.63%,,NPI矩阵(720260),5599
NPI054,5779,NPI/FeNi,2024-12-29,2024-12,PT WANXIANG NICKEL INDONESIA,PT WANXIANG NICKEL INDONESIA,Morowali(万向),Morowali,"Xiamen Itg Group Corp., Ltd",China,Ningde,72026000,4261.25,10.54,10.54,原文提取,449.14,4972320,1167,11071,FERRO-NICKEL 10.54%,,NPI矩阵(720260),5780
NPI054,5782,NPI/FeNi,2024-12-29,2024-12,PT WANXIANG NICKEL INDONESIA,PT WANXIANG NICKEL INDONESIA,Morowali(万向),Morowali,"Xiamen Itg Group Corp., Ltd",China,Ningde,72026000,3300,10.78,10.78,原文提取,355.74,3942766,1195,11083,FERRO-NICKEL 10.78%,,NPI矩阵(720260),5783
NPI054,5783,NPI/FeNi,2024-12-29,2024-12,PT WANXIANG NICKEL INDONESIA,PT WANXIANG NICKEL INDONESIA,Morowali(万向),Morowali,Sanming Agriculture And Foresty International Trade Co.,China,Ningde,72026000,1000,10.72,10.72,原文提取,107.2,1163849,1164,10857,FERRO-NICKEL 10.72%,,NPI矩阵(720260),5784
NPI054,5940,NPI/FeNi,2025-01-13,2025-01,PT WANXIANG NICKEL INDONESIA,PT WANXIANG NICKEL INDONESIA,Morowali(万向),Morowali,"Xiamen Itg Group Corp., Ltd",China,Ningde,72026000,6436.47,10.58,10.58,原文提取,680.98,7422294,1153,10899,FERRO-NICKEL 10.58%,,NPI矩阵(720260),5941
NPI054,6020,NPI/FeNi,2025-01-20,2025-01,PT WANXIANG NICKEL INDONESIA,PT WANXIANG NICKEL INDONESIA,Morowali(万向),Morowali,"Xiamen Itg Group Corp., Ltd",China,Ningde,72026000,3950,10.38,10.38,原文提取,410.01,4471401,1132,10906,"FERRO-NICKEL, NI 10.38%",,NPI矩阵(720260),6021
NPI054,6281,NPI/FeNi,2025-02-16,2025-02,PT WANXIANG NICKEL INDONESIA,PT WANXIANG NICKEL INDONESIA,Morowali(万向),Morowali,Sanming Agriculture And Foresty International Trade Co.,China,Yangjiang,72026000,3689.98,10.47,10.47,原文提取,386.34,4278916,1160,11075,FERRO-NICKEL 10.47%,,NPI矩阵(720260),6282
NPI054,6283,NPI/FeNi,2025-02-16,2025-02,PT WANXIANG NICKEL INDONESIA,PT WANXIANG NICKEL INDONESIA,Morowali(万向),Morowali,"Xiamen Itg Group Corp., Ltd",China,Yangjiang,72026000,1695.45,10.36,10.36,原文提取,175.65,2013464,1188,11463,FERRO-NICKEL 10.36%,,NPI矩阵(720260),6284
NPI054,6285,NPI/FeNi,2025-02-16,2025-02,PT WANXIANG NICKEL INDONESIA,PT WANXIANG NICKEL INDONESIA,Morowali(万向),Morowali,"Xiamen Itg Group Corp., Ltd",China,Yangjiang,72026000,2194.02,10.36,10.36,原文提取,227.3,2605558,1188,11463,FERRO-NICKEL 10.36%,,NPI矩阵(720260),6286
NPI054,6455,NPI/FeNi,2025-03-02,2025-03,PT WANXIANG NICKEL INDONESIA,PT WANXIANG NICKEL INDONESIA,Morowali(万向),Morowali,"Xiamen Itg Group Corp., Ltd",China,Xiangshui,72026000,4766.82,10.24,10.24,原文提取,488.12,5605420,1176,11484,FERRO-NICKEL 10.24 %,,NPI矩阵(720260),6456
NPI054,6937,NPI/FeNi,2025-04-14,2025-04,PT WANXIANG NICKEL INDONESIA,PT WANXIANG NICKEL INDONESIA,Morowali(万向),Morowali,"Xiamen Itg Group Corp., Ltd",China,Ningde,72026000,3210.52,10.38,10.38,原文提取,333.25,3865300,1204,11599,FERRO-NICKEL 10.38%,,NPI矩阵(720260),6938
NPI054,7265,NPI/FeNi,2025-05-20,2025-05,PT WANXIANG NICKEL INDONESIA,PT WANXIANG NICKEL INDONESIA,Morowali(万向),Morowali,"Xiamen Itg Group Corp., Ltd",China,Ningde,72026000,1915.01,10.04,10.04,原文提取,192.27,2014445,1052,10477,FERRO-NICKEL 10.04%,,NPI矩阵(720260),7266
NPI054,7267,NPI/FeNi,2025-05-20,2025-05,PT WANXIANG NICKEL INDONESIA,PT WANXIANG NICKEL INDONESIA,Morowali(万向),Morowali,"Xiamen Itg Group Corp., Ltd",China,Ningde,72026000,957.49,8.88,8.88,原文提取,85.03,570708,596,6712,FERRO-NICKEL 8.88%,,NPI矩阵(720260),7268
NPI054,8066,NPI/FeNi,2025-08-03,2025-08,PT WANXIANG NICKEL INDONESIA,PT WANXIANG NICKEL INDONESIA,Morowali(万向),Morowali,"Xiamen Itg Group Corp., Ltd",China,Lianyungang,72026000,850.12,9.29,9.29,原文提取,78.98,912415,1073,11553,FERRO-NICKEL 9.29%,,NPI矩阵(720260),8067
NPI054,8067,NPI/FeNi,2025-08-03,2025-08,PT WANXIANG NICKEL INDONESIA,PT WANXIANG NICKEL INDONESIA,Morowali(万向),Morowali,"Xiamen Itg Group Corp., Ltd",China,Lianyungang,72026000,2700,10.13,10.13,原文提取,273.51,3159861,1170,11553,FERRO-NICKEL 10.13%,,NPI矩阵(720260),8068
NPI054,8479,NPI/FeNi,2025-09-08,2025-09,PT WANXIANG NICKEL INDONESIA,PT WANXIANG NICKEL INDONESIA,Morowali(万向),Morowali,"Chengtun Mining Group Co., Ltd.",China,Huangpu New Port,72026000,2619.01,8.45,8.45,原文提取,221.31,2179951,832,9850,FERRO-NICKEL 8.45%,,NPI矩阵(720260),8480
