项目ID,统一标题,英文抬头或项目名,中文名称,中文名称说明
NPI004,PT Nicole Metal Industry (NMI) 妮可镍业,PT Nicole Metal Industry (NMI),妮可镍业,已有中文名称或项目说明
NPI005,PT Angel Nickel Industry (ANI) 安琪镍业,PT Angel Nickel Industry (ANI),安琪镍业,已有中文名称或项目说明
NPI006,PT Langit Metal Industry 蓝天金属工业,PT Langit Metal Industry,蓝天金属工业,已有中文名称或项目说明
NPI007,PT Yashi Indonesia Investment 雅石投资,PT Yashi Indonesia Investment,雅石投资,已有中文名称或项目说明
NPI008,PT Youshan Nickel Indonesia 友山镍业,PT Youshan Nickel Indonesia,友山镍业,已有中文名称或项目说明
NPI009,PT Weda Bay Nickel (WBN) 纬达贝镍业,PT Weda Bay Nickel (WBN),纬达贝镍业,已有中文名称或项目说明
NPI010,PT Infei Metal Industry 英菲金属工业,PT Infei Metal Industry,英菲金属工业,已有中文名称或项目说明
NPI011,PT Cosan Metal Industry (COSAN) 科赞金属工业,PT Cosan Metal Industry (COSAN),科赞金属工业,已有中文名称或项目说明
NPI012,PT Debonair Nickel Indonesia 德邦镍业,PT Debonair Nickel Indonesia,德邦镍业,已有中文名称或项目说明
NPI013,PT Andalan Metal Industry (AMI) 安达兰金属工业,PT Andalan Metal Industry (AMI),安达兰金属工业,已有中文名称或项目说明
NPI014,PT Jiu Long Metal Industry 九龙金属工业,PT Jiu Long Metal Industry,九龙金属工业,已有中文名称或项目说明
NPI015,PT Perkasa Metal Industry 佩尔卡萨金属工业,PT Perkasa Metal Industry,佩尔卡萨金属工业,中文阅读译名
NPI016,PT Kao Rahai Smelters 金川考拉海冶炼,PT Kao Rahai Smelters,金川考拉海冶炼,已有中文名称或项目说明
NPI017,PT Lipe Metal Industry 利佩金属工业,PT Lipe Metal Industry,利佩金属工业,中文阅读译名
NPI018,PT Maluku Utara Metal Industry 北马鲁古金属工业,PT Maluku Utara Metal Industry,北马鲁古金属工业,中文阅读译名
NPI019,PT Lin Victor Metal Industry 林维克金属工业,PT Lin Victor Metal Industry,林维克金属工业,已有中文名称或项目说明
NPI020,PT Sunny Metal Industry 旭日金属工业,PT Sunny Metal Industry,旭日金属工业,已有中文名称或项目说明
NPI021,PT Westrong Metal Industry 纬创金属工业,PT Westrong Metal Industry,纬创金属工业,已有中文名称或项目说明
NPI022,PT Huake Nickel Indonesia 华科镍业,PT Huake Nickel Indonesia,华科镍业,已有中文名称或项目说明
NPI023,PT Jade Bay Metal Industry 翡翠湾金属工业,PT Jade Bay Metal Industry,翡翠湾金属工业,已有中文名称或项目说明
NPI024,PT Lancon Metal Industry 澜凯金属工业,PT Lancon Metal Industry,澜凯金属工业,已有中文名称或项目说明
NPI026,PT Indonesia Guang Ching Nickel and Stainless Steel Industry (GCNS) 印尼广青镍业,PT Indonesia Guang Ching Nickel and Stainless Steel Industry (GCNS),印尼广青镍业,已有中文名称或项目说明
NPI027,PT Indonesia Tsingshan Stainless Steel (ITSS) 印尼青山不锈钢,PT Indonesia Tsingshan Stainless Steel (ITSS),印尼青山不锈钢,已有中文名称或项目说明
NPI028,PT Sulawesi Mining Investment (SMI) 苏拉威西矿业投资,PT Sulawesi Mining Investment (SMI),苏拉威西矿业投资,已有中文名称或项目说明
NPI029,PT Tsingshan Steel Indonesia (TSI) 青山钢铁印尼,PT Tsingshan Steel Indonesia (TSI),青山钢铁印尼,已有中文名称或项目说明
NPI030,PT Zhao Hui Nickel (ZHN) 兆辉镍业,PT Zhao Hui Nickel (ZHN),兆辉镍业,已有中文名称或项目说明
NPI031,PT Oracle Nickel Industry (ONI) 奥拉克镍业,PT Oracle Nickel Industry (ONI),奥拉克镍业,已有中文名称或项目说明
NPI032,PT Ocean Sky Metal Industry 海天金属工业,PT Ocean Sky Metal Industry,海天金属工业,中文阅读译名
NPI033,PT Indonesia Ruipu Nickel and Chrome Alloy (IRNC) 印尼瑞浦镍铬合金,PT Indonesia Ruipu Nickel and Chrome Alloy (IRNC),印尼瑞浦镍铬合金,已有中文名称或项目说明
NPI034,PT Walsin Nickel Industrial Indonesia (WNII) 印尼华新镍业,PT Walsin Nickel Industrial Indonesia (WNII),印尼华新镍业,已有中文名称或项目说明
NPI035,PT Bukit Smelter Indonesia (BSI) 布吉特冶炼,PT Bukit Smelter Indonesia (BSI),布吉特冶炼,中文阅读译名
NPI036,PT Cahaya Smelter Indonesia (CSI) 卡哈亚冶炼,PT Cahaya Smelter Indonesia (CSI),卡哈亚冶炼,中文阅读译名
NPI037,PT Lestari Smelter Indonesia (LSI) 莱斯塔里冶炼,PT Lestari Smelter Indonesia (LSI),莱斯塔里冶炼,中文阅读译名
NPI038,PT Hengjaya Nickel Industry (HNI) 恒嘉镍业,PT Hengjaya Nickel Industry (HNI),恒嘉镍业,已有中文名称或项目说明
NPI039,PT Ranger Nickel Industry (RNI) 兰吉尔镍业,PT Ranger Nickel Industry (RNI),兰吉尔镍业,已有中文名称或项目说明
NPI041,PT Obsidian Stainless Steel (OSS) 德龙二期,PT Obsidian Stainless Steel (OSS),德龙二期,已有中文名称或项目说明
NPI042,PT Virtue Dragon Nickel Industry (VDNI) 德龙一期,PT Virtue Dragon Nickel Industry (VDNI),德龙一期,已有中文名称或项目说明
NPI043,PT Gunbuster Nickel Industry (GNI) 德龙三期,PT Gunbuster Nickel Industry (GNI),德龙三期,已有中文名称或项目说明
NPI044,PT Nadesico Nickel Industry (NNI) 德龙四期,PT Nadesico Nickel Industry (NNI),德龙四期,已有中文名称或项目说明
NPI046,PT Karunia Permai Sentosa (KPS) 力勤哈利达KPS镍铁项目,PT Karunia Permai Sentosa (KPS),力勤哈利达KPS镍铁项目,已有中文名称或项目说明
NPI047,PT Halmahera Jaya Feronikel (HJF) 力勤哈利达HJF镍铁项目,PT Halmahera Jaya Feronikel (HJF),力勤哈利达HJF镍铁项目,已有中文名称或项目说明
NPI048,PT Megah Surya Pertiwi (MSP) 新兴铸管MSP镍铁项目,PT Megah Surya Pertiwi (MSP),新兴铸管MSP镍铁项目,已有中文名称或项目说明
NPI049,PT Wanatiara Persada (WP) 金川WP镍铁项目,PT Wanatiara Persada (WP),金川WP镍铁项目,已有中文名称或项目说明
NPI051,PT Shuoshi Indonesia Investment 华宝硕石镍铁,PT Shuoshi Indonesia Investment,华宝硕石镍铁,已有中文名称或项目说明
NPI053,PT Bahodopi Nickel Smelting Indonesia (BNSI) 巴哈多比镍冶炼,PT Bahodopi Nickel Smelting Indonesia (BNSI),巴哈多比镍冶炼,已有中文名称或项目说明
NPI054,PT Wanxiang Nickel Indonesia 万向镍业,PT Wanxiang Nickel Indonesia,万向镍业,已有中文名称或项目说明
NPI055,PT Huadi Nickel-Alloy Indonesia 华迪镍合金,PT Huadi Nickel-Alloy Indonesia,华迪镍合金,已有中文名称或项目说明
NPI056,PT COR Industri Indonesia (CORII) 印尼COR冶炼,PT COR Industri Indonesia (CORII),印尼COR冶炼,已有中文名称或项目说明
NPI057,PT Metal Smeltindo Selaras (MSS) 青岛中程MSS镍铁项目,PT Metal Smeltindo Selaras (MSS),青岛中程MSS镍铁项目,已有中文名称或项目说明
NPI058,PT Aneka Tambang Tbk — Pomalaa 安塔姆波马拉镍铁厂,PT Aneka Tambang Tbk — Pomalaa,安塔姆波马拉镍铁厂,已有中文名称或项目说明
NPI059,PT Artha Mining Industry 阿尔塔矿业,PT Artha Mining Industry,阿尔塔矿业,中文阅读译名
NPI060,PT Ceria Nugraha Indotama (CNI) 塞里亚镍铁项目,PT Ceria Nugraha Indotama (CNI),塞里亚镍铁项目,已有中文名称或项目说明
NPI061,PT Artabumi Sentra Industri (ASI) 阿尔塔布米工业,PT Artabumi Sentra Industri (ASI),阿尔塔布米工业,中文阅读译名
NPI062,PT Bumi Mineral Sulawesi (BMS) 苏拉威西布米矿业,PT Bumi Mineral Sulawesi (BMS),苏拉威西布米矿业,已有中文名称或项目说明
NPI063,PT Anugrah Tambang Sejahtera (ATS) 安努格拉矿业,PT Anugrah Tambang Sejahtera (ATS),安努格拉矿业,中文阅读译名
NPI064,PT Asia Mining Minerals 亚洲矿业矿产,PT Asia Mining Minerals,亚洲矿业矿产,中文阅读译名
NPI065,PT Unity Nickel Alloy Indonesia 印尼联合镍合金,PT Unity Nickel Alloy Indonesia,印尼联合镍合金,中文阅读译名
NPI067,PT Kalimantan Ferro Industry (KFI) 加里曼丹铁业,PT Kalimantan Ferro Industry (KFI),加里曼丹铁业,已有中文名称或项目说明
NPI068,PT Sebuku Ferroalloy Perkasa 塞布库铁合金,PT Sebuku Ferroalloy Perkasa,塞布库铁合金,已有中文名称或项目说明
NPI069,PT Mitra Murni Perkasa (MMP) 米特拉穆尔尼冶炼,PT Mitra Murni Perkasa (MMP),米特拉穆尔尼冶炼,中文阅读译名
NPI071,PT Growth Java Industry (GJI) 爪哇成长工业,PT Growth Java Industry (GJI),爪哇成长工业,中文阅读译名
NPI072,PT Aneka Tambang Tbk — East Halmahera 安塔姆东哈马黑拉镍铁厂,PT Aneka Tambang Tbk — East Halmahera,安塔姆东哈马黑拉镍铁厂,已有中文名称或项目说明
NPI073,PT Cahaya Modern Metal Industri (CMMI) 现代金属工业,PT Cahaya Modern Metal Industri (CMMI),现代金属工业,已有中文名称或项目说明
NPI074,PT Bintang Timur Steel 东方之星钢铁,PT Bintang Timur Steel,东方之星钢铁,中文阅读译名
NPI075,PT Century Metalindo 世纪冶金,PT Century Metalindo,世纪冶金,已有中文名称或项目说明
P01,PT Huaneng Metal Industry (HNMI) 华能金属工业,PT Huaneng Metal Industry (HNMI),华能金属工业,已有中文名称或项目说明
P02,PT Zhongtsing New Energy 中青新能源,PT Zhongtsing New Energy,中青新能源,已有中文名称或项目说明
P05,PT Walhsu Metal Industry 华旭金属工业,PT Walhsu Metal Industry,华旭金属工业,已有中文名称或项目说明
P09,PT JIAMAN NEW ENERGY 嘉曼新能源,PT JIAMAN NEW ENERGY,嘉曼新能源,已有中文名称或项目说明
P11,PT Universe Smelter Metal Industry 寰宇冶炼,PT Universe Smelter Metal Industry,寰宇冶炼,已有中文名称或项目说明
P12,PT Vale Indonesia Tbk 淡水河谷索罗瓦科高冰镍项目,PT Vale Indonesia Tbk,淡水河谷索罗瓦科高冰镍项目,已有中文名称或项目说明
P25,PT Hanrui Nickel Indonesia 寒锐镍业,PT Hanrui Nickel Indonesia,寒锐镍业,已有中文名称或项目说明
P26,PT Huaxing Nickel Indonesia 华星镍业,PT Huaxing Nickel Indonesia,华星镍业,已有中文名称或项目说明
P27,PT Huashuo Nickel Indonesia 华硕镍业,PT Huashuo Nickel Indonesia,华硕镍业,已有中文名称或项目说明
P28,PT Jiamanda New Energy 嘉曼达新能源,PT Jiamanda New Energy,嘉曼达新能源,已有中文名称或项目说明
P29,PT JIAMANMEI NEW ENERGY 嘉曼美新能源,PT JIAMANMEI NEW ENERGY,嘉曼美新能源,已有中文名称或项目说明
P30,PT Yongyu International Energy Indonesia 永誉国际候选项目,PT Yongyu International Energy Indonesia,永誉国际候选项目,已有中文名称或项目说明
P31,PT Dowstone Energy Material Indonesia 道氏能源材料,PT Dowstone Energy Material Indonesia,道氏能源材料,已有中文名称或项目说明
P32,PT CNGR Xing qiu New Energy 中伟兴球新能源,PT CNGR Xing qiu New Energy,中伟兴球新能源,已有中文名称或项目说明
P33,PT CNGR Xing quan New Energy 中伟兴全新能源,PT CNGR Xing quan New Energy,中伟兴全新能源,已有中文名称或项目说明
P34,PT CNGR Xing xin New Energy 中伟兴新新能源,PT CNGR Xing xin New Energy,中伟兴新新能源,已有中文名称或项目说明
P38,PT CHENGMACH NICKEL INDONESIA 盛迈镍业,PT CHENGMACH NICKEL INDONESIA,盛迈镍业,已有中文名称或项目说明
P40,PT Ceria Nugraha Indotama — Matte Project 塞里亚冰镍规划,PT Ceria Nugraha Indotama — Matte Project,塞里亚冰镍规划,已有中文名称或项目说明
P41,ANTAM–CNGR Nickel Matte Project 安塔姆与中伟冰镍合资规划,ANTAM–CNGR Nickel Matte Project,安塔姆与中伟冰镍合资规划,已有中文名称或项目说明
P48,PT Hengsheng New Energy Material Indonesia 恒生新能源材料,PT Hengsheng New Energy Material Indonesia,恒生新能源材料,已有中文名称或项目说明
P49,PT Alam Cipta Lestari 阿拉姆齐普塔莱斯塔里,PT Alam Cipta Lestari,阿拉姆齐普塔莱斯塔里,中文阅读译名
MHP000,PT Hydrotech Metal Indonesia 海卓科技印尼出口主体,PT Hydrotech Metal Indonesia,海卓科技印尼出口主体,已有中文名称或项目说明
MHP003,PT Halmahera Persada Lygend (HPL) 奥比岛力勤HPL湿法项目,PT Halmahera Persada Lygend (HPL),奥比岛力勤HPL湿法项目,已有中文名称或项目说明
MHP005,PT Obi Nickel Cobalt (ONC) 奥比镍钴湿法三期,PT Obi Nickel Cobalt (ONC),奥比镍钴湿法三期,已有中文名称或项目说明
MHP006,PT Huayue Nickel Cobalt (HNC) 华越镍钴,PT Huayue Nickel Cobalt (HNC),华越镍钴,已有中文名称或项目说明
MHP007,PT Sulawesi Nickel Cobalt (SLNC) 苏拉威西镍钴,PT Sulawesi Nickel Cobalt (SLNC),苏拉威西镍钴,已有中文名称或项目说明
MHP008,PT Huafei Nickel Cobalt 华飞镍钴,PT Huafei Nickel Cobalt,华飞镍钴,已有中文名称或项目说明
MHP009,PT Gebe Industry Nickel 格贝镍业,PT Gebe Industry Nickel,格贝镍业,已有中文名称或项目说明
MHP010,PT Gostal Nickel Indonesia 戈斯塔尔镍业,PT Gostal Nickel Indonesia,戈斯塔尔镍业,中文阅读译名
MHP011,PT QMB New Energy Materials 青美邦新能源材料,PT QMB New Energy Materials,青美邦新能源材料,已有中文名称或项目说明
MHP013,PT ESG New Energy Material ESG新能源材料,PT ESG New Energy Material,ESG新能源材料,已有中文名称或项目说明
MHP014,PT Meiming New Energy Material (MNEM) 美明新能源材料,PT Meiming New Energy Material (MNEM),美明新能源材料,已有中文名称或项目说明
MHP015,PT Green Eco Nickel (GEN) 格林爱科镍业,PT Green Eco Nickel (GEN),格林爱科镍业,已有中文名称或项目说明
MHP016,PT Blue Sparking Energy (BSE) 蓝焰能源,PT Blue Sparking Energy (BSE),蓝焰能源,已有中文名称或项目说明
MHP017,PT Excelsior Nickel Cobalt (ENC) 晨曦镍钴,PT Excelsior Nickel Cobalt (ENC),晨曦镍钴,已有中文名称或项目说明
MHP018,PT Kolaka Nickel Indonesia (KNI) 科拉卡镍业波马拉湿法项目,PT Kolaka Nickel Indonesia (KNI),科拉卡镍业波马拉湿法项目,已有中文名称或项目说明
MHP020,Guangqing HPAL Project 广青湿法项目,Guangqing HPAL Project,广青湿法项目,已有中文名称或项目说明
MHP021,PT Ceria Kobalt Indotama (CKI) 塞里亚科巴尔特镍钴项目,PT Ceria Kobalt Indotama (CKI),塞里亚科巴尔特镍钴项目,中文阅读译名
MHP022,Sorowako Limonite HPAL Project 索罗瓦科褐铁矿湿法项目,Sorowako Limonite HPAL Project,索罗瓦科褐铁矿湿法项目,已有中文名称或项目说明
MHP023,PT Teluk Metal Industry (TMI) 海湾金属TMI湿法项目,PT Teluk Metal Industry (TMI),海湾金属TMI湿法项目,已有中文名称或项目说明
MHP024,PT Nickel Cobalt Halmahera (NCH) 布里镍钴,PT Nickel Cobalt Halmahera (NCH),布里镍钴,已有中文名称或项目说明
MHP025,PT EVerde Global Mineral 伊沃德湿法项目,PT EVerde Global Mineral,伊沃德湿法项目,中文阅读译名
MHP026,PT Anugrah Neo Energy Materials 尼奥能源湿法项目,PT Anugrah Neo Energy Materials,尼奥能源湿法项目,已有中文名称或项目说明
MHP027,CNGR HPAL Project 中伟湿法项目,CNGR HPAL Project,中伟湿法项目,已有中文名称或项目说明
MHP028,PT Chengsheng New Energy (CNE) 诚盛新能源,PT Chengsheng New Energy (CNE),诚盛新能源,已有中文名称或项目说明
MHP029,Haiwan Metal Project 海湾金属待识别项目,Haiwan Metal Project,海湾金属待识别项目,已有中文名称或项目说明
MHP031,PT Huashan Nickel Cobalt 华山镍钴,PT Huashan Nickel Cobalt,华山镍钴,已有中文名称或项目说明
MHP032,PT Excellen Silo Leaching 埃克塞伦西洛浸出项目,PT Excellen Silo Leaching,埃克塞伦西洛浸出项目,中文阅读译名
MHP033,PT Ceria Kobalt Prima 塞里亚科巴尔特普里玛项目,PT Ceria Kobalt Prima,塞里亚科巴尔特普里玛项目,中文阅读译名
MHP034,Meta Nikel Kobalt Madencilik Sanayi ve Ticaret A.Ş. 梅塔格尔德斯镍钴项目,Meta Nikel Kobalt Madencilik Sanayi ve Ticaret A.Ş.,梅塔格尔德斯镍钴项目,中文阅读译名
MHP035,Prony Resources New Caledonia SAS 普罗尼戈罗镍钴项目,Prony Resources New Caledonia SAS,普罗尼戈罗镍钴项目,已有中文名称或项目说明
MHP036,Ravensthorpe Nickel Operations (RNO) 雷文斯索普镍业,Ravensthorpe Nickel Operations (RNO),雷文斯索普镍业,中文阅读译名
MHP037,Ramu NiCo Management (MCC) Limited 瑞木镍钴,Ramu NiCo Management (MCC) Limited,瑞木镍钴,已有中文名称或项目说明
MHP039,Hellenic Minerals Ltd — Skouriotissa 希腊矿业斯库里奥蒂萨项目,Hellenic Minerals Ltd — Skouriotissa,希腊矿业斯库里奥蒂萨项目,中文阅读译名
MHP040,Norilsk Nickel Cawse Pty Ltd 考斯历史项目,Norilsk Nickel Cawse Pty Ltd,考斯历史项目,中文阅读译名
MHP041,Norilsk Nickel Avalon Pty Ltd — Bulong 布隆阿瓦隆历史项目,Norilsk Nickel Avalon Pty Ltd — Bulong,布隆阿瓦隆历史项目,中文阅读译名
MHP042,LS MnM Inc. — EVBM Onsan / Saemangeum LS电池材料温山与新万金项目,LS MnM Inc. — EVBM Onsan / Saemangeum,LS电池材料温山与新万金项目,已有中文名称或项目说明
MHP043,Piauí Níquel Metais S.A. 皮奥伊镍项目,Piauí Níquel Metais S.A.,皮奥伊镍项目,中文阅读译名
MHP044,Moa Joint Venture / Fort Saskatchewan Refinery 莫阿与萨斯喀彻温堡加工链,Moa Joint Venture / Fort Saskatchewan Refinery,莫阿与萨斯喀彻温堡加工链,已有中文名称或项目说明
MHP045,Coral Bay Nickel Corporation (CBNC) 珊瑚湾镍业,Coral Bay Nickel Corporation (CBNC),珊瑚湾镍业,已有中文名称或项目说明
MHP046,Terrafame Ltd 特拉法姆索特卡莫项目,Terrafame Ltd,特拉法姆索特卡莫项目,中文阅读译名
MHP047,Taganito HPAL Nickel Corporation (THPAL) 塔加尼托高压酸浸项目,Taganito HPAL Nickel Corporation (THPAL),塔加尼托高压酸浸项目,中文阅读译名
MHP048,Ambatovy Minerals S.A. / Dynatec Madagascar S.A. 安巴托维镍钴项目,Ambatovy Minerals S.A. / Dynatec Madagascar S.A.,安巴托维镍钴项目,已有中文名称或项目说明
MHP049,Murrin Murrin Operations / Minara Resources 穆林穆林镍钴项目,Murrin Murrin Operations / Minara Resources,穆林穆林镍钴项目,已有中文名称或项目说明
RF003,PT Huaxiang Refining Indonesia 华翔精炼,PT Huaxiang Refining Indonesia,华翔精炼,已有中文名称或项目说明
RF001,PT CNGR Ding Xing New Energy 中伟鼎兴新能源,PT CNGR Ding Xing New Energy,中伟鼎兴新能源,已有中文名称或项目说明
RF002,PT Eternal Nickel Industry 永恒镍业,PT Eternal Nickel Industry,永恒镍业,已有中文名称或项目说明
RF004,PT Indonesia Qingmei Energy Materials (IQEM) 印尼青美能源材料,PT Indonesia Qingmei Energy Materials (IQEM),印尼青美能源材料,已有中文名称或项目说明
RF005,PT Indonesia Service Provider 印尼服务供应商出口抬头,PT Indonesia Service Provider,印尼服务供应商出口抬头,中文阅读译名
GL001,Kavadarci Ferronickel Plant (Euronickel) 卡瓦达尔齐镍铁厂,Kavadarci Ferronickel Plant (Euronickel),卡瓦达尔齐镍铁厂,用户全球普查底表
GL003,Çaldağ Nickel Heap Leach Project 恰尔达红土镍堆浸项目,Çaldağ Nickel Heap Leach Project,恰尔达红土镍堆浸项目,用户全球普查底表
GL004,Larymna Ferronickel Smelter (LARCO) 拉里姆纳镍铁冶炼厂,Larymna Ferronickel Smelter (LARCO),拉里姆纳镍铁冶炼厂,用户全球普查底表
GL005,Nickelhütte Aue 奥厄镍冶炼厂,Nickelhütte Aue,奥厄镍冶炼厂,用户全球普查底表
GL006,Ringerike Nikkelverk 灵厄里克镍厂,Ringerike Nikkelverk,灵厄里克镍厂,用户全球普查底表
GL007,Evje Nikkelverk 埃夫耶镍冶炼厂,Evje Nikkelverk,埃夫耶镍冶炼厂,用户全球普查底表
GL008,Senjen Nickel Works 塞尼亚镍冶炼厂,Senjen Nickel Works,塞尼亚镍冶炼厂,用户全球普查底表
GL009,Glencore Nikkelverk 克里斯蒂安桑镍精炼厂,Glencore Nikkelverk,克里斯蒂安桑镍精炼厂,用户全球普查底表
GL010,Sereď Nickel Plant 谢雷季镍钴电解厂,Sereď Nickel Plant,谢雷季镍钴电解厂,用户全球普查底表
GL011,Umicore Olen Refinery 奥伦镍精炼厂,Umicore Olen Refinery,奥伦镍精炼厂,用户全球普查底表
GL012,Septèmes Nickel Works 塞普泰姆镍精炼厂,Septèmes Nickel Works,塞普泰姆镍精炼厂,用户全球普查底表
GL013,Sandouville Nickel Refinery 桑杜维尔镍精炼厂,Sandouville Nickel Refinery,桑杜维尔镍精炼厂,用户全球普查底表
GL014,Szklary Nickel Works 什克拉雷镍矿冶厂,Szklary Nickel Works,什克拉雷镍矿冶厂,用户全球普查底表
GL015,Ferronikeli Drenas Plant 德雷纳斯镍铁厂（Ferronikeli）,Ferronikeli Drenas Plant,德雷纳斯镍铁厂（Ferronikeli）,用户全球普查底表
GL016,Boliden Harjavalta Nickel Smelter 波利登哈尔亚瓦尔塔镍冶炼厂,Boliden Harjavalta Nickel Smelter,波利登哈尔亚瓦尔塔镍冶炼厂,用户全球普查底表
GL017,Nornickel Harjavalta Refinery 诺镍哈尔亚瓦尔塔精炼厂,Nornickel Harjavalta Refinery,诺镍哈尔亚瓦尔塔精炼厂,用户全球普查底表
GL018,Kokkola Nickel Refinery Project 科科拉镍精炼项目,Kokkola Nickel Refinery Project,科科拉镍精炼项目,用户全球普查底表
GL020,Hafod Isha Nickel and Cobalt Works 哈福德伊沙镍钴厂,Hafod Isha Nickel and Cobalt Works,哈福德伊沙镍钴厂,用户全球普查底表
GL021,Clydach Nickel Refinery 克莱达赫镍精炼厂,Clydach Nickel Refinery,克莱达赫镍精炼厂,用户全球普查底表
GL022,Acton Refinery (London) 阿克顿精炼厂（伦敦）,Acton Refinery (London),阿克顿精炼厂（伦敦）,用户全球普查底表
GL023,Elbasan Nickel-Cobalt Plant 埃尔巴桑镍钴厂,Elbasan Nickel-Cobalt Plant,埃尔巴桑镍钴厂,用户全球普查底表
GL024,Pobuzhsky Ferronickel Plant 波布日镍铁厂,Pobuzhsky Ferronickel Plant,波布日镍铁厂,用户全球普查底表
GL025,Ufaleynickel 乌法列镍厂,Ufaleynickel,乌法列镍厂,用户全球普查底表
GL026,Rezhnickel 雷日镍厂,Rezhnickel,雷日镍厂,用户全球普查底表
GL027,Yuzhuralnickel Combine 南乌拉尔镍联合企业,Yuzhuralnickel Combine,南乌拉尔镍联合企业,用户全球普查底表
GL028,Severonickel Combine (Monchegorsk) 北方镍联合企业（蒙切戈尔斯克）,Severonickel Combine (Monchegorsk),北方镍联合企业（蒙切戈尔斯克）,用户全球普查底表
GL029,Norilsk Nickel Plant 诺里尔斯克镍厂,Norilsk Nickel Plant,诺里尔斯克镍厂,用户全球普查底表
GL030,Pechenganickel Smelter 佩琴加镍冶炼厂,Pechenganickel Smelter,佩琴加镍冶炼厂,用户全球普查底表
GL031,Nadezhda Metallurgical Plant 纳杰日达冶金厂,Nadezhda Metallurgical Plant,纳杰日达冶金厂,用户全球普查底表
GL032,Buruktal Ferronickel Plant 布鲁克塔尔镍铁厂,Buruktal Ferronickel Plant,布鲁克塔尔镍铁厂,用户全球普查底表
GL033,Chernogorsky GOK (Kingash Project) 切尔诺戈尔斯克矿冶联合体（金加什项目）,Chernogorsky GOK (Kingash Project),切尔诺戈尔斯克矿冶联合体（金加什项目）,用户全球普查底表
GL034,Norilsk Copper Plant 诺里尔斯克铜厂,Norilsk Copper Plant,诺里尔斯克铜厂,用户全球普查底表
GL035,Gornostayevskoye Nickel-Cobalt ISL Project 戈尔诺斯塔耶夫斯科耶镍钴原位溶浸项目,Gornostayevskoye Nickel-Cobalt ISL Project,戈尔诺斯塔耶夫斯科耶镍钴原位溶浸项目,用户全球普查底表
GL036,Kaohsiung Nickel Refinery (Taiwan Nickel Refining) 高雄镍精炼厂（台湾镍业精炼）,Kaohsiung Nickel Refinery (Taiwan Nickel Refining),高雄镍精炼厂（台湾镍业精炼）,用户全球普查底表
GL037,Niihama Nickel Refinery 新居浜镍精炼厂,Niihama Nickel Refinery,新居浜镍精炼厂,用户全球普查底表
GL038,Shimura Kako Electrolytic Nickel Plant 志村化工电解镍厂,Shimura Kako Electrolytic Nickel Plant,志村化工电解镍厂,用户全球普查底表
GL039,Oheyama Ferronickel Works 大江山镍铁厂,Oheyama Ferronickel Works,大江山镍铁厂,用户全球普查底表
GL040,Harima Refinery 播磨精炼厂,Harima Refinery,播磨精炼厂,用户全球普查底表
GL041,Hachinohe Ferronickel Works 八户镍铁厂,Hachinohe Ferronickel Works,八户镍铁厂,用户全球普查底表
GL042,Nippon Mining Nickel-Cobalt Separation Plant 日本矿业镍钴分离厂,Nippon Mining Nickel-Cobalt Separation Plant,日本矿业镍钴分离厂,用户全球普查底表
GL043,Hyuga Smelting 日向精炼所,Hyuga Smelting,日向精炼所,用户全球普查底表
GL044,Naoshima Smelter (nickel by-product) 直岛冶炼厂（副产镍）,Naoshima Smelter (nickel by-product),直岛冶炼厂（副产镍）,用户全球普查底表
GL045,Hachinohe Polymetallic Nodule Project 八户多金属结核冶炼项目,Hachinohe Polymetallic Nodule Project,八户多金属结核冶炼项目,用户全球普查底表
GL046,Hyuga Nickel Matte Plant 日向镍锍新厂,Hyuga Nickel Matte Plant,日向镍锍新厂,用户全球普查底表
GL047,Matsusaka Nickel Refinery 松阪镍精炼厂,Matsusaka Nickel Refinery,松阪镍精炼厂,用户全球普查底表
GL048,Korea Nickel Corporation Refinery 韩国镍业精炼厂,Korea Nickel Corporation Refinery,韩国镍业精炼厂,用户全球普查底表
GL049,SNNC Gwangyang Ferronickel Smelter SNNC光阳镍铁冶炼厂,SNNC Gwangyang Ferronickel Smelter,SNNC光阳镍铁冶炼厂,用户全球普查底表
GL050,EcoPro Pohang Nickel Refinery EcoPro浦项镍精炼厂,EcoPro Pohang Nickel Refinery,EcoPro浦项镍精炼厂,用户全球普查底表
GL051,POSCO Gwangyang High-Purity Nickel Refinery POSCO光阳高纯镍精炼厂,POSCO Gwangyang High-Purity Nickel Refinery,POSCO光阳高纯镍精炼厂,用户全球普查底表
GL052,Torecom Asan Nickel Sulphate Plant Torecom牙山硫酸镍厂,Torecom Asan Nickel Sulphate Plant,Torecom牙山硫酸镍厂,用户全球普查底表
GL053,Korea Zinc Onsan All-in-One Nickel Refinery 高丽亚锌温山一体化镍精炼厂,Korea Zinc Onsan All-in-One Nickel Refinery,高丽亚锌温山一体化镍精炼厂,用户全球普查底表
GL054,LS MnM Onsan Nickel Sulphate Plant LS MnM温山硫酸镍厂,LS MnM Onsan Nickel Sulphate Plant,LS MnM温山硫酸镍厂,用户全球普查底表
GL055,KEMCO Onsan Nickel Sulphate Plant KEMCO温山硫酸镍厂,KEMCO Onsan Nickel Sulphate Plant,KEMCO温山硫酸镍厂,用户全球普查底表
GL056,Ghatsila Nickel Recovery Plant (Indian Copper Complex) 加特西拉镍回收装置（印度铜业联合体）,Ghatsila Nickel Recovery Plant (Indian Copper Complex),加特西拉镍回收装置（印度铜业联合体）,用户全球普查底表
GL057,Nicomet Goa Nickel-Cobalt Plant 尼科梅特果阿镍钴厂,Nicomet Goa Nickel-Cobalt Plant,尼科梅特果阿镍钴厂,用户全球普查底表
GL058,AFC Nickel Sulphate Plant AFC硫酸镍厂,AFC Nickel Sulphate Plant,AFC硫酸镍厂,用户全球普查底表
GL059,Tagaung Taung Ferronickel Project 德贡东镍铁项目,Tagaung Taung Ferronickel Project,德贡东镍铁项目,用户全球普查底表
GL060,Mwetaung Ferronickel Project 牟埃冬镍铁项目,Mwetaung Ferronickel Project,牟埃冬镍铁项目,用户全球普查底表
GL061,Nonoc Nickel Refinery 诺诺克镍精炼厂,Nonoc Nickel Refinery,诺诺克镍精炼厂,用户全球普查底表
GL064,GFNI HPAL Project GFNI湿法项目,GFNI HPAL Project,GFNI湿法项目,用户全球普查底表
GL065,Pujada HPAL Project 普哈达湿法项目,Pujada HPAL Project,普哈达湿法项目,用户全球普查底表
GL066,Nickel Asia–DMCI Nickel Processing Plant Nickel Asia与DMCI镍加工厂项目,Nickel Asia–DMCI Nickel Processing Plant,Nickel Asia与DMCI镍加工厂项目,用户全球普查底表
GL067,Zambales Ferronickel Project 三描礼士镍铁项目,Zambales Ferronickel Project,三描礼士镍铁项目,用户全球普查底表
GL068,Ban Phuc Nickel Mine and Concentrator 版福镍矿及选矿厂,Ban Phuc Nickel Mine and Concentrator,版福镍矿及选矿厂,用户全球普查底表
GL069,Ta Khoa Refinery 达卡精炼厂,Ta Khoa Refinery,达卡精炼厂,用户全球普查底表
GL071,Pointe Chaleix Smelter 沙莱克斯角冶炼厂,Pointe Chaleix Smelter,沙莱克斯角冶炼厂,用户全球普查底表
GL072,Ouroué Smelter (Thio) 乌鲁埃冶炼厂（蒂奥）,Ouroué Smelter (Thio),乌鲁埃冶炼厂（蒂奥）,用户全球普查底表
GL073,Doniambo Smelter 多尼安博冶炼厂,Doniambo Smelter,多尼安博冶炼厂,用户全球普查底表
GL074,Thio-Mission Smelter 蒂奥教会区冶炼厂,Thio-Mission Smelter,蒂奥教会区冶炼厂,用户全球普查底表
GL076,Koniambo Smelter 科尼安博冶炼厂,Koniambo Smelter,科尼安博冶炼厂,用户全球普查底表
GL077,Nouméa Blast Furnaces 努美阿高炉厂,Nouméa Blast Furnaces,努美阿高炉厂,用户全球普查底表
GL078,Kwinana Nickel Refinery 奎纳纳镍精炼厂,Kwinana Nickel Refinery,奎纳纳镍精炼厂,用户全球普查底表
GL079,Kalgoorlie Nickel Smelter 卡尔古利镍冶炼厂,Kalgoorlie Nickel Smelter,卡尔古利镍冶炼厂,用户全球普查底表
GL080,Yabulu Nickel Refinery 亚布鲁镍精炼厂,Yabulu Nickel Refinery,亚布鲁镍精炼厂,用户全球普查底表
GL085,Kwinana Cobalt Refinery (Cobalt Blue) 奎纳纳钴精炼厂（Cobalt Blue）,Kwinana Cobalt Refinery (Cobalt Blue),奎纳纳钴精炼厂（Cobalt Blue）,用户全球普查底表
GL086,Goongarrie Hub (Kalgoorlie Nickel Project) 贡加里枢纽（卡尔古利镍项目）,Goongarrie Hub (Kalgoorlie Nickel Project),贡加里枢纽（卡尔古利镍项目）,用户全球普查底表
GL087,Kalgoorlie pCAM Battery Materials Hub 卡尔古利前驱体材料枢纽,Kalgoorlie pCAM Battery Materials Hub,卡尔古利前驱体材料枢纽,用户全球普查底表
GL088,Kwinana Integrated Battery Materials Facility 奎纳纳一体化电池材料厂,Kwinana Integrated Battery Materials Facility,奎纳纳一体化电池材料厂,用户全球普查底表
GL089,NiWest Nickel-Cobalt Project NiWest镍钴项目,NiWest Nickel-Cobalt Project,NiWest镍钴项目,用户全球普查底表
GL090,Sconi Cobalt-Nickel-Scandium Project 斯科尼钴镍钪项目,Sconi Cobalt-Nickel-Scandium Project,斯科尼钴镍钪项目,用户全球普查底表
GL091,Sunrise Nickel-Cobalt Project 日出镍钴项目,Sunrise Nickel-Cobalt Project,日出镍钴项目,用户全球普查底表
GL092,Townsville Energy Chemicals Hub (TECH) 汤斯维尔能源化工枢纽（TECH项目）,Townsville Energy Chemicals Hub (TECH),汤斯维尔能源化工枢纽（TECH项目）,用户全球普查底表
GL093,Wingellina Nickel-Cobalt Project 温杰利纳镍钴项目,Wingellina Nickel-Cobalt Project,温杰利纳镍钴项目,用户全球普查底表
GL094,Copper Cliff Original Smelter (1888) 科珀克利夫首座冶炼厂（1888年）,Copper Cliff Original Smelter (1888),科珀克利夫首座冶炼厂（1888年）,用户全球普查底表
GL095,Copper Cliff Smelter 铜崖冶炼厂,Copper Cliff Smelter,铜崖冶炼厂,用户全球普查底表
GL096,Victoria Mines Smelter 维多利亚矿区冶炼厂,Victoria Mines Smelter,维多利亚矿区冶炼厂,用户全球普查底表
GL097,Deloro Smelter 德洛罗冶炼厂,Deloro Smelter,德洛罗冶炼厂,用户全球普查底表
GL098,Coniston Smelter 科尼斯顿冶炼厂,Coniston Smelter,科尼斯顿冶炼厂,用户全球普查底表
GL099,Deschênes Nickel Refinery 德申镍精炼厂,Deschênes Nickel Refinery,德申镍精炼厂,用户全球普查底表
GL100,Port Colborne Refinery 科尔本港精炼厂,Port Colborne Refinery,科尔本港精炼厂,用户全球普查底表
GL101,Nickelton Smelter 镍尔顿冶炼厂,Nickelton Smelter,镍尔顿冶炼厂,用户全球普查底表
GL102,Sudbury Smelter (Glencore) 萨德伯里冶炼厂（嘉能可）,Sudbury Smelter (Glencore),萨德伯里冶炼厂（嘉能可）,用户全球普查底表
GL103,Fort Saskatchewan Refinery 萨斯喀彻温堡精炼厂,Fort Saskatchewan Refinery,萨斯喀彻温堡精炼厂,用户全球普查底表
GL104,Thompson Refinery 汤普森精炼厂,Thompson Refinery,汤普森精炼厂,用户全球普查底表
GL105,Thompson Smelter 汤普森冶炼厂,Thompson Smelter,汤普森冶炼厂,用户全球普查底表
GL106,Copper Cliff Nickel Refinery 铜崖镍精炼厂,Copper Cliff Nickel Refinery,铜崖镍精炼厂,用户全球普查底表
GL107,Long Harbour Processing Plant 长港湿法精炼厂,Long Harbour Processing Plant,长港湿法精炼厂,用户全球普查底表
GL108,Argentia Hydromet Plant Project 阿真蒂亚湿法项目,Argentia Hydromet Plant Project,阿真蒂亚湿法项目,用户全球普查底表
GL109,Crawford Nickel Project 克劳福德镍项目,Crawford Nickel Project,克劳福德镍项目,用户全球普查底表
GL110,Camden Nickel Works 卡姆登镍厂,Camden Nickel Works,卡姆登镍厂,用户全球普查底表
GL111,Orford Refinery (Bayonne) 奥福德精炼厂（贝永）,Orford Refinery (Bayonne),奥福德精炼厂（贝永）,用户全球普查底表
GL112,Riddle Nickel Smelter 里德尔镍冶炼厂,Riddle Nickel Smelter,里德尔镍冶炼厂,用户全球普查底表
GL113,Westwin Lawton Refinery 西温劳顿精炼厂,Westwin Lawton Refinery,西温劳顿精炼厂,用户全球普查底表
GL114,Electra Nickel Sulphate Refinery Project Electra硫酸镍精炼项目,Electra Nickel Sulphate Refinery Project,Electra硫酸镍精炼项目,用户全球普查底表
GL115,Fredericktown Battery Materials Plant 弗雷德里克敦电池材料厂,Fredericktown Battery Materials Plant,弗雷德里克敦电池材料厂,用户全球普查底表
GL116,NorthMet Project 北金属项目,NorthMet Project,北金属项目,用户全球普查底表
GL117,Central Florida Nickel Refinery Project (Precision Periodic) 佛罗里达中部镍精炼项目,Central Florida Nickel Refinery Project (Precision Periodic),佛罗里达中部镍精炼项目,用户全球普查底表
GL118,Columbus Base Metal Refinery 哥伦布贱金属精炼厂,Columbus Base Metal Refinery,哥伦布贱金属精炼厂,用户全球普查底表
GL119,Beulah Processing Facility Project (Tamarack) 比尤拉加工厂项目（塔马拉克）,Beulah Processing Facility Project (Tamarack),比尤拉加工厂项目（塔马拉克）,用户全球普查底表
GL120,Westwin Bryan County Refinery Project 西温布莱恩县精炼项目,Westwin Bryan County Refinery Project,西温布莱恩县精炼项目,用户全球普查底表
GL121,Fenix Ferronickel Plant (El Estor) 菲尼克斯镍铁厂（埃尔埃斯托尔）,Fenix Ferronickel Plant (El Estor),菲尼克斯镍铁厂（埃尔埃斯托尔）,用户全球普查底表
GL122,Nicaro Nickel Plant 尼卡罗镍厂,Nicaro Nickel Plant,尼卡罗镍厂,用户全球普查底表
GL123,Moa Nickel Plant (Pedro Sotto Alba) 莫阿镍厂（佩德罗·索托·阿尔瓦）,Moa Nickel Plant (Pedro Sotto Alba),莫阿镍厂（佩德罗·索托·阿尔瓦）,用户全球普查底表
GL124,Punta Gorda Nickel Plant (Che Guevara) 蓬塔戈尔达镍厂（切·格瓦拉）,Punta Gorda Nickel Plant (Che Guevara),蓬塔戈尔达镍厂（切·格瓦拉）,用户全球普查底表
GL125,Las Camariocas Nickel Plant 拉斯卡马里奥卡斯镍厂,Las Camariocas Nickel Plant,拉斯卡马里奥卡斯镍厂,用户全球普查底表
GL126,San Felipe Nickel Project 圣费利佩镍项目,San Felipe Nickel Project,圣费利佩镍项目,用户全球普查底表
GL127,Cerro Matoso 塞罗马托索镍铁厂,Cerro Matoso,塞罗马托索镍铁厂,用户全球普查底表
GL128,Falcondo Ferronickel Plant 法尔康多镍铁厂,Falcondo Ferronickel Plant,法尔康多镍铁厂,用户全球普查底表
GL129,Loma de Níquel Ferronickel Plant 洛马德尼克尔镍铁厂,Loma de Níquel Ferronickel Plant,洛马德尼克尔镍铁厂,用户全球普查底表
GL130,Morro do Níquel 莫罗镍铁厂,Morro do Níquel,莫罗镍铁厂,用户全球普查底表
GL131,Niquelândia Caron Plant (CNT) 尼克兰迪亚氨浸厂（托坎廷斯镍业）,Niquelândia Caron Plant (CNT),尼克兰迪亚氨浸厂（托坎廷斯镍业）,用户全球普查底表
GL132,Codemin Ferronickel Plant 科德明镍铁厂,Codemin Ferronickel Plant,科德明镍铁厂,用户全球普查底表
GL133,Fortaleza de Minas Nickel Smelter 福塔莱萨德米纳斯镍冶炼厂,Fortaleza de Minas Nickel Smelter,福塔莱萨德米纳斯镍冶炼厂,用户全球普查底表
GL134,Barro Alto Ferronickel Plant 巴罗阿尔托镍铁厂,Barro Alto Ferronickel Plant,巴罗阿尔托镍铁厂,用户全球普查底表
GL135,Onça Puma Ferronickel Plant 翁萨普马镍铁厂,Onça Puma Ferronickel Plant,翁萨普马镍铁厂,用户全球普查底表
GL136,Araguaia Ferronickel Project 阿拉瓜亚镍铁项目,Araguaia Ferronickel Project,阿拉瓜亚镍铁项目,用户全球普查底表
GL138,São Miguel Paulista Nickel Refinery 圣米格尔保利斯塔镍精炼厂,São Miguel Paulista Nickel Refinery,圣米格尔保利斯塔镍精炼厂,用户全球普查底表
GL139,Vermelho Nickel-Cobalt Project 维尔梅柳镍钴项目,Vermelho Nickel-Cobalt Project,维尔梅柳镍钴项目,用户全球普查底表
GL140,Springs Base Metals Refinery (Impala) 斯普林斯贱金属精炼厂（英帕拉）,Springs Base Metals Refinery (Impala),斯普林斯贱金属精炼厂（英帕拉）,用户全球普查底表
GL141,Nkomati Nickel Mine 恩科马蒂镍矿,Nkomati Nickel Mine,恩科马蒂镍矿,用户全球普查底表
GL142,Zondereinde Smelter and Base Metals Refinery 桑德雷恩德冶炼厂及贱金属精炼厂,Zondereinde Smelter and Base Metals Refinery,桑德雷恩德冶炼厂及贱金属精炼厂,用户全球普查底表
GL143,Thakadu Nickel Sulphate Plant 萨卡杜硫酸镍厂,Thakadu Nickel Sulphate Plant,萨卡杜硫酸镍厂,用户全球普查底表
GL144,Marikana Base Metals Refinery 马里卡纳贱金属精炼厂,Marikana Base Metals Refinery,马里卡纳贱金属精炼厂,用户全球普查底表
GL145,Rustenburg Base Metals Refinery 鲁斯滕堡贱金属精炼厂,Rustenburg Base Metals Refinery,鲁斯滕堡贱金属精炼厂,用户全球普查底表
GL146,Selebi-Phikwe Smelter (BCL) 塞莱比皮奎冶炼厂（BCL）,Selebi-Phikwe Smelter (BCL),塞莱比皮奎冶炼厂（BCL）,用户全球普查底表
GL147,Tati Activox Refinery Project 塔蒂Activox精炼项目,Tati Activox Refinery Project,塔蒂Activox精炼项目,用户全球普查底表
GL148,Kabanga Nickel Project 卡班加镍项目,Kabanga Nickel Project,卡班加镍项目,用户全球普查底表
GL149,Ntaka Hill Nickel Project 恩塔卡山镍项目,Ntaka Hill Nickel Project,恩塔卡山镍项目,用户全球普查底表
GL150,Musongati Nickel Project 穆松加蒂镍项目,Musongati Nickel Project,穆松加蒂镍项目,用户全球普查底表
GL151,Bou Azzer Cobalt-Nickel Plant 布阿泽尔钴镍厂,Bou Azzer Cobalt-Nickel Plant,布阿泽尔钴镍厂,用户全球普查底表
GL152,Bindura Nickel Smelter and Refinery 宾杜拉镍冶炼精炼厂,Bindura Nickel Smelter and Refinery,宾杜拉镍冶炼精炼厂,用户全球普查底表
GL153,Empress Nickel Refinery 皇后镍精炼厂,Empress Nickel Refinery,皇后镍精炼厂,用户全球普查底表
GL154,Hartley Platinum Base Metals Refinery 哈特利铂矿贱金属精炼厂,Hartley Platinum Base Metals Refinery,哈特利铂矿贱金属精炼厂,用户全球普查底表
GL155,Selous Metallurgical Complex (Zimplats) 塞卢斯冶金联合体（津巴布韦铂业）,Selous Metallurgical Complex (Zimplats),塞卢斯冶金联合体（津巴布韦铂业）,用户全球普查底表
GL156,Western Côte d'Ivoire Nickel Projects 科特迪瓦西部镍矿项目群,Western Côte d'Ivoire Nickel Projects,科特迪瓦西部镍矿项目群,用户全球普查底表
GL158,Kleva Nickel Mine and Works 克莱瓦镍矿及冶炼,Kleva Nickel Mine and Works,克莱瓦镍矿及冶炼,用户全球普查底表
GL159,Bamble Nikkelverk 巴姆布勒镍厂,Bamble Nikkelverk,巴姆布勒镍厂,用户全球普查底表
GL160,Chicago Mine Smelter (Drury Nickel) 芝加哥矿冶炼厂（德鲁里镍业）,Chicago Mine Smelter (Drury Nickel),芝加哥矿冶炼厂（德鲁里镍业）,用户全球普查底表
GL161,Blezard Mine Smelter 布莱扎德矿冶炼厂,Blezard Mine Smelter,布莱扎德矿冶炼厂,用户全球普查底表
GL162,Schladming Nickel Smelter 施拉德明镍冶炼厂,Schladming Nickel Smelter,施拉德明镍冶炼厂,用户全球普查底表
GL163,Smethwick Mond Carbonyl Refinery 斯梅斯维克蒙德羰基法精炼厂,Smethwick Mond Carbonyl Refinery,斯梅斯维克蒙德羰基法精炼厂,用户全球普查底表
GL164,Bécancour Nickel Sulphate Plant 贝坎库尔硫酸镍厂,Bécancour Nickel Sulphate Plant,贝坎库尔硫酸镍厂,用户全球普查底表
GL165,Wyloo Sudbury Battery Materials Plant 怀洛萨德伯里电池材料厂,Wyloo Sudbury Battery Materials Plant,怀洛萨德伯里电池材料厂,用户全球普查底表
GL166,Ertis Ferronickel Plant 额尔齐斯镍铁厂,Ertis Ferronickel Plant,额尔齐斯镍铁厂,用户全球普查底表
CN001,扬州一川镍业有限公司,,扬州一川镍业有限公司,用户提供的中国项目表
CN002,宿迁翔翔实业有限公司,,宿迁翔翔实业有限公司,用户提供的中国项目表
CN003,连云港海赣科技有限公司,,连云港海赣科技有限公司,用户提供的中国项目表
CN004,连云港科创不锈钢新材料有限公司,,连云港科创不锈钢新材料有限公司,用户提供的中国项目表
CN005,江苏德龙镍业有限公司,,江苏德龙镍业有限公司,用户提供的中国项目表
CN006,赣榆县金成镍业有限公司,,赣榆县金成镍业有限公司,用户提供的中国项目表
CN007,连云港天乙金属制品有限公司,,连云港天乙金属制品有限公司,用户提供的中国项目表
CN008,江苏宝通镍业有限公司,,江苏宝通镍业有限公司,用户提供的中国项目表
CN009,荣阳钢铁,,荣阳钢铁,用户提供的中国项目表
CN010,营口宁丰镁业（宁丰集团）,,营口宁丰镁业（宁丰集团）,用户提供的中国项目表
CN011,辽宁晟运实业有限公司,,辽宁晟运实业有限公司,用户提供的中国项目表
CN012,营口广大实业有限公司,,营口广大实业有限公司,用户提供的中国项目表
CN013,光大冶金发展（大连）有限公司,,光大冶金发展（大连）有限公司,用户提供的中国项目表
CN014,辽宁宝铂科技有限公司,,辽宁宝铂科技有限公司,用户提供的中国项目表
CN015,朝阳昊天有色金属有限公司-朝阳利鑫有色金属有限公司（北方兄弟）,,朝阳昊天有色金属有限公司-朝阳利鑫有色金属有限公司（北方兄弟）,用户提供的中国项目表
CN016,海城市腾发耐火材料有限公司,,海城市腾发耐火材料有限公司,用户提供的中国项目表
CN017,凌源市瑞丰铸造有限公司,,凌源市瑞丰铸造有限公司,用户提供的中国项目表
CN018,辽宁垚鑫铸业有限公司,,辽宁垚鑫铸业有限公司,用户提供的中国项目表
CN019,鞍山旭辰耐火材料有限公司,,鞍山旭辰耐火材料有限公司,用户提供的中国项目表
CN020,辽宁国润金属集团,,辽宁国润金属集团,用户提供的中国项目表
CN021,锦州市鑫泽锰业有限公司（义县应盛金属实业有限公司）,,锦州市鑫泽锰业有限公司（义县应盛金属实业有限公司）,用户提供的中国项目表
CN022,锦州鑫雨铁合金,,锦州鑫雨铁合金,用户提供的中国项目表
CN023,山东鑫海科技有限公司,,山东鑫海科技有限公司,用户提供的中国项目表
CN024,临沂金海汇科技有限公司,,临沂金海汇科技有限公司,用户提供的中国项目表
CN025,茌平爱得信新材料有限公司,,茌平爱得信新材料有限公司,用户提供的中国项目表
CN026,日照铸福,,日照铸福,用户提供的中国项目表
CN027,沾化县炜烨镍业有限公司,,沾化县炜烨镍业有限公司,用户提供的中国项目表
CN028,山西曲沃县三鑫铸造有限公司,,山西曲沃县三鑫铸造有限公司,用户提供的中国项目表
CN029,青州天泰德隆冶金科技有限公司,,青州天泰德隆冶金科技有限公司,用户提供的中国项目表
CN030,冠县顺丰金属制品有限公司,,冠县顺丰金属制品有限公司,用户提供的中国项目表
CN031,福建联德镍铁合金,,福建联德镍铁合金,用户提供的中国项目表
CN032,福建鼎信实业有限公司,,福建鼎信实业有限公司,用户提供的中国项目表
CN033,宝钢德盛不锈钢有限公司,,宝钢德盛不锈钢有限公司,用户提供的中国项目表
CN034,五洲镍业有限公司/化德县五洲钢业有限公司,,五洲镍业有限公司/化德县五洲钢业有限公司,用户提供的中国项目表
CN035,内蒙古察右前旗鑫扬冶金化工有限公司,,内蒙古察右前旗鑫扬冶金化工有限公司,用户提供的中国项目表
CN036,内蒙古商都县永鑫公司（原瑞泰冶金）,,内蒙古商都县永鑫公司（原瑞泰冶金）,用户提供的中国项目表
CN037,内蒙古硕丰实业有限公司,,内蒙古硕丰实业有限公司,用户提供的中国项目表
CN038,内蒙古上泰实业有限公司,,内蒙古上泰实业有限公司,用户提供的中国项目表
CN039,内蒙古商都县中建金马冶金化工有限公司,,内蒙古商都县中建金马冶金化工有限公司,用户提供的中国项目表
CN040,内蒙古天润特种铁合金有限公司,,内蒙古天润特种铁合金有限公司,用户提供的中国项目表
CN041,内蒙古隆盛特钢有限公司,,内蒙古隆盛特钢有限公司,用户提供的中国项目表
CN042,内蒙古和谊镍铬复合材料有限公司,,内蒙古和谊镍铬复合材料有限公司,用户提供的中国项目表
CN043,化德县嘉铭钢业有限公司,,化德县嘉铭钢业有限公司,用户提供的中国项目表
CN044,内蒙古察右前旗辰东化工有限责任公司,,内蒙古察右前旗辰东化工有限责任公司,用户提供的中国项目表
CN045,瑞泰冶金有限公司,,瑞泰冶金有限公司,用户提供的中国项目表
CN046,瑞泰,,瑞泰,用户提供的中国项目表
CN047,化德县中泰镍铁有限公司,,化德县中泰镍铁有限公司,用户提供的中国项目表
CN048,化德县鑫泽镍业有限公司,,化德县鑫泽镍业有限公司,用户提供的中国项目表
CN049,化德县同盛铁合金有限公司(昌盛泰),,化德县同盛铁合金有限公司(昌盛泰),用户提供的中国项目表
CN050,永盛铁合金,,永盛铁合金,用户提供的中国项目表
CN051,光达冶金（烨兆）,,光达冶金（烨兆）,用户提供的中国项目表
CN052,化德县鑫盛铁合金有限公司,,化德县鑫盛铁合金有限公司,用户提供的中国项目表
CN053,唐山凯源实业有限公司,,唐山凯源实业有限公司,用户提供的中国项目表
CN054,唐山腾达科技有限公司,,唐山腾达科技有限公司,用户提供的中国项目表
CN055,丰润区长明不锈钢制品厂,,丰润区长明不锈钢制品厂,用户提供的中国项目表
CN056,河北春风铸造有限责任公司,,河北春风铸造有限责任公司,用户提供的中国项目表
CN057,偏关县晋电化工有限责任公司,,偏关县晋电化工有限责任公司,用户提供的中国项目表
CN058,山西众泰陆洋冶炼实业有限公司,,山西众泰陆洋冶炼实业有限公司,用户提供的中国项目表
CN059,山西达康集团,,山西达康集团,用户提供的中国项目表
CN060,河南省煜晟镍业有限责任公司,,河南省煜晟镍业有限责任公司,用户提供的中国项目表
CN061,福佳不锈钢制品有限公司,,福佳不锈钢制品有限公司,用户提供的中国项目表
CN062,河南宝泰盛商贸有限公司,,河南宝泰盛商贸有限公司,用户提供的中国项目表
CN063,阳江翌川金属科技有限公司,,阳江翌川金属科技有限公司,用户提供的中国项目表
CN064,广东世纪青山镍业有限公司,,广东世纪青山镍业有限公司,用户提供的中国项目表
CN065,广东广青金属科技有限公司,,广东广青金属科技有限公司,用户提供的中国项目表
CN066,中金金属科技有限公司,,中金金属科技有限公司,用户提供的中国项目表
CN067,广西戎鑫达资源有限公司,,广西戎鑫达资源有限公司,用户提供的中国项目表
CN068,广西金源镍业有限公司,,广西金源镍业有限公司,用户提供的中国项目表
CN069,北海诚德镍业有限公司,,北海诚德镍业有限公司,用户提供的中国项目表
CN070,广西龙州中恒万华实业有限公司,,广西龙州中恒万华实业有限公司,用户提供的中国项目表
CN071,连云港华乐合金,,连云港华乐合金,用户提供的中国项目表
CN072,山东临港有色金属有限公司（盛阳）,,山东临港有色金属有限公司（盛阳）,用户提供的中国项目表
CN073,中亿金属科技有限公司（亿利达钢铁）,,中亿金属科技有限公司（亿利达钢铁）,用户提供的中国项目表
CN074,福建青拓镍业有限公司,,福建青拓镍业有限公司,用户提供的中国项目表
CN075,河南鑫金汇特钢有限公司,,河南鑫金汇特钢有限公司,用户提供的中国项目表
CN076,内蒙古和谊镍铬复合材料有限公司(租给万汇) 和恒,,内蒙古和谊镍铬复合材料有限公司(租给万汇) 和恒,用户提供的中国项目表
CN077,亿晨镍铬合金（临沂钢投）,,亿晨镍铬合金（临沂钢投）,用户提供的中国项目表
CN078,奈曼经安有限公司,,奈曼经安有限公司,用户提供的中国项目表
CN079,大连富力镍基合金新材料有限公司,,大连富力镍基合金新材料有限公司,用户提供的中国项目表
CN080,湖南中伟新材料有限公司,,湖南中伟新材料有限公司,用户提供的中国项目表
CN081,浙江华友钴业股份有限公司,,浙江华友钴业股份有限公司,用户提供的中国项目表
CN082,荆门市格林美新材料有限公司 荆门格林美,,荆门市格林美新材料有限公司,企业、政府或上市公司公开披露
CN083,金川集团镍盐有限公司,,金川集团镍盐有限公司,用户提供的中国项目表
CN084,宁波长江能源科技有限公司,,宁波长江能源科技有限公司,用户提供的中国项目表
CN085,湖南邦普循环科技有限公司,,湖南邦普循环科技有限公司,用户提供的中国项目表
CN086,广东佳纳能源科技有限公司,,广东佳纳能源科技有限公司,用户提供的中国项目表
CN087,中冶瑞木新能源科技有限公司,,中冶瑞木新能源科技有限公司,用户提供的中国项目表
CN088,"Guangxi Yinyi New Materials Co., Ltd. 广西银亿新材料有限公司","Guangxi Yinyi New Materials Co., Ltd.",广西银亿新材料有限公司,用户提供的中国项目表
CN089,广东芳源新材料集团股份有限公司 芳源股份,,广东芳源新材料集团股份有限公司,企业、政府或上市公司公开披露
CN090,广西智亮新材料股份有限公司,,广西智亮新材料股份有限公司,用户提供的中国项目表
CN091,金柯有色金属有限公司,,金柯有色金属有限公司,用户提供的中国项目表
CN092,"Tianjin Maolian Technology Co., Ltd. 天津市茂联科技有限公司","Tianjin Maolian Technology Co., Ltd.",天津市茂联科技有限公司,用户提供的中国项目表
CN093,江门市长优实业有限公司,,江门市长优实业有限公司,用户提供的中国项目表
CN094,"Jilin Jien Nickel Industry Co., Ltd. 吉林吉恩镍业股份有限公司","Jilin Jien Nickel Industry Co., Ltd.",吉林吉恩镍业股份有限公司,用户提供的中国项目表
CN095,眉山顺应动力电池材料有限公司,,眉山顺应动力电池材料有限公司,用户提供的中国项目表
CN096,赣州吉锐新能源科技有限公司（江西力道）,,赣州吉锐新能源科技有限公司（江西力道）,用户提供的中国项目表
CN097,万华化学电池产业公司,,万华化学电池产业公司,用户提供的中国项目表
CN098,赣州腾远钴业新材料股份有限公司 腾远钴业,,赣州腾远钴业新材料股份有限公司,企业、政府或上市公司公开披露
CN099,浙江路加新能源有限公司,,浙江路加新能源有限公司,用户提供的中国项目表
CN100,"Chizhou CN Material New Materials Technology Co., Ltd. 池州西恩新材料科技有限公司","Chizhou CN Material New Materials Technology Co., Ltd.",池州西恩新材料科技有限公司,用户提供的中国项目表
CN101,"Zhejiang New Era Zhongneng Technology Co., Ltd. 浙江新时代中能循环科技有限公司","Zhejiang New Era Zhongneng Technology Co., Ltd.",浙江新时代中能循环科技有限公司,用户提供的中国项目表
CN102,广东威玛新材料股份有限公司 广东威玛,,广东威玛新材料股份有限公司,企业、政府或上市公司公开披露
CN103,福建常青新能源科技有限公司,,福建常青新能源科技有限公司,用户提供的中国项目表
CN104,"Yantai Kaishi Industry Co., Ltd. 烟台凯实工业有限公司","Yantai Kaishi Industry Co., Ltd.",烟台凯实工业有限公司,用户提供的中国项目表
CN105,河南科隆新能源股份有限公司,,河南科隆新能源股份有限公司,用户提供的中国项目表
CN106,湖南金驰能源材料有限公司,,湖南金驰能源材料有限公司,用户提供的中国项目表
CN107,浙江三晟化工有限公司,,浙江三晟化工有限公司,用户提供的中国项目表
CN108,江西睿达环保有限公司,,江西睿达环保有限公司,用户提供的中国项目表
CN109,陕西聚泰新材料科技有限公司,,陕西聚泰新材料科技有限公司,用户提供的中国项目表
CN110,肇庆市金晟金属实业有限公司,,肇庆市金晟金属实业有限公司,用户提供的中国项目表
CN111,"Jiangxi Province Guangde Environmental Protection Technology Co., Ltd. 江西省广德环保科技股份有限公司","Jiangxi Province Guangde Environmental Protection Technology Co., Ltd.",江西省广德环保科技股份有限公司,用户提供的中国项目表
CN112,上海格派镍钴能源技术集团有限公司,,上海格派镍钴能源技术集团有限公司,用户提供的中国项目表
CN113,辽宁华信钴业科技有限公司,,辽宁华信钴业科技有限公司,用户提供的中国项目表
CN114,湖北长宸锂能循环科技有限公司,,湖北长宸锂能循环科技有限公司,用户提供的中国项目表
CN115,全南县瑞隆科技有限公司,,全南县瑞隆科技有限公司,用户提供的中国项目表
CN116,湖南金源新材料股份有限公司,,湖南金源新材料股份有限公司,用户提供的中国项目表
CN117,余姚市环科再生资源有限公司,,余姚市环科再生资源有限公司,用户提供的中国项目表
CN118,江西自立环保科技有限公司,,江西自立环保科技有限公司,用户提供的中国项目表
CN119,启东市北新无机化工有限公司,,启东市北新无机化工有限公司,用户提供的中国项目表
CN120,桑顿新能源科技有限公司,,桑顿新能源科技有限公司,用户提供的中国项目表
CN121,南通新玮镍钴科技发展有限公司,,南通新玮镍钴科技发展有限公司,用户提供的中国项目表
CN122,吉林亚融科技股份有限公司,,吉林亚融科技股份有限公司,用户提供的中国项目表
CN123,浙江升阳再生资源科技股份有限公司,,浙江升阳再生资源科技股份有限公司,用户提供的中国项目表
CN124,宁波华吉新材料科技有限公司,,宁波华吉新材料科技有限公司,用户提供的中国项目表
CN125,广东飞南资源利用股份有限公司,,广东飞南资源利用股份有限公司,用户提供的中国项目表
CN126,浙江天能新材料有限公司,,浙江天能新材料有限公司,用户提供的中国项目表
CN127,广东光华科技股份有限公司,,广东光华科技股份有限公司,用户提供的中国项目表
CN128,阳江市绿森工贸有限公司,,阳江市绿森工贸有限公司,用户提供的中国项目表
CN129,上饶市鼎鑫金属化工有限公司,,上饶市鼎鑫金属化工有限公司,用户提供的中国项目表
CN130,赣州市豪鹏科技有限公司,,赣州市豪鹏科技有限公司,用户提供的中国项目表
CN131,包头锐博新能源材料有限公司,,包头锐博新能源材料有限公司,用户提供的中国项目表
CN132,大连瑞源动力股份有限公司,,大连瑞源动力股份有限公司,用户提供的中国项目表
CN133,江西江钨钴业有限公司,,江西江钨钴业有限公司,用户提供的中国项目表
CN134,江西赣峰锂业,,江西赣峰锂业,用户提供的中国项目表
CN135,贵州鹏程新材料有限公司,,贵州鹏程新材料有限公司,用户提供的中国项目表
CN136,山西正兴有色金属有限公司,,山西正兴有色金属有限公司,用户提供的中国项目表
CN137,江西天奇金泰阁钴业有限公司,,江西天奇金泰阁钴业有限公司,用户提供的中国项目表
CN138,蜀矿环锂科技公司,,蜀矿环锂科技公司,用户提供的中国项目表
CN139,盛屯矿业,,盛屯矿业,用户提供的中国项目表
CN140,韶关中弘金属实业有限公司,,韶关中弘金属实业有限公司,用户提供的中国项目表
CN141,宁波容百新能源科技股份有限公司,,宁波容百新能源科技股份有限公司,用户提供的中国项目表
CN142,江苏领先再生资源科技有限公司,,江苏领先再生资源科技有限公司,用户提供的中国项目表
CN143,浙江帕瓦新能源股份有限公司,,浙江帕瓦新能源股份有限公司,用户提供的中国项目表
CN144,宜宾光原锂电材料有限公司,,宜宾光原锂电材料有限公司,用户提供的中国项目表
CN145,盐城星创资源循环利用有限公司,,盐城星创资源循环利用有限公司,用户提供的中国项目表
CN146,华泽钴镍材料股份有限公司,,华泽钴镍材料股份有限公司,用户提供的中国项目表
CN147,余姚市鑫和电池材料有限公司,,余姚市鑫和电池材料有限公司,用户提供的中国项目表
CN148,新乡超能电源有限公司（新乡帝龙）,,新乡超能电源有限公司（新乡帝龙）,用户提供的中国项目表
CN149,浙江伟明盛青能源新材料有限公司 伟明盛青,,浙江伟明盛青能源新材料有限公司,企业、政府或上市公司公开披露
CN150,湖南金凯循环科技股份有限公司,,湖南金凯循环科技股份有限公司,用户提供的中国项目表
CN151,湖北睿勤新能源科技有限公司,,湖北睿勤新能源科技有限公司,用户提供的中国项目表
CN152,贵州星茂新材料有限公司,,贵州星茂新材料有限公司,用户提供的中国项目表
CN153,金川集团股份有限公司 金昌纯镍产线,,金川集团股份有限公司（金昌纯镍产线）,用户提供的中国项目表
CN154,"GEM Co., Ltd. 格林美股份有限公司","GEM Co., Ltd.",格林美股份有限公司,用户提供的中国项目表
CN155,Guangxi Huayou 广西华友新材料有限公司 广西华友,Guangxi Huayou,广西华友新材料有限公司 广西华友,用户提供的中国项目表
CN156,Quzhou Huayou 衢州华友钴新材料有限公司 衢州华友,Quzhou Huayou,衢州华友钴新材料有限公司 衢州华友,用户提供的中国项目表
CN157,Guangxi Huaze 广西华泽,Guangxi Huaze,广西华泽,用户提供的中国项目表
CN158,Jiangxi Huaze 江西华泽,Jiangxi Huaze,江西华泽,用户提供的中国项目表
CN159,新疆新鑫矿业股份有限公司 阜康冶炼厂,,新疆新鑫矿业股份有限公司,企业、政府或上市公司公开披露
CN160,"Yunxi Group Yuanjiang Nickel Industry Co., Ltd. 云锡集团元江镍业有限责任公司","Yunxi Group Yuanjiang Nickel Industry Co., Ltd.",云锡集团元江镍业有限责任公司,用户提供的中国项目表
CN161,"Zhejiang Yuanli Renewable Resources Co., Ltd. 浙江元力再生资源有限公司","Zhejiang Yuanli Renewable Resources Co., Ltd.",浙江元力再生资源有限公司,用户提供的中国项目表
CN162,"Zhejiang Lujia New Materials Co., Ltd. 浙江路加新材料有限公司","Zhejiang Lujia New Materials Co., Ltd.",浙江路加新材料有限公司,用户提供的中国项目表
CN163,"Jiangsu Qisheng Metal Technology Co., Ltd. 江苏祺生金属科技有限公司","Jiangsu Qisheng Metal Technology Co., Ltd.",江苏祺生金属科技有限公司,用户提供的中国项目表
CN164,广西中伟新能源科技有限公司 钦州基地,,广西中伟新能源科技有限公司,企业、政府或上市公司公开披露
CN165,"Zhejiang Weiming Environmental Protection Co., Ltd. 浙江伟明环保股份有限公司","Zhejiang Weiming Environmental Protection Co., Ltd.",浙江伟明环保股份有限公司,用户提供的中国项目表
CN166,"Shaanxi Jutai New Materials Technology Co., Ltd. 陕西聚泰新材料科技有限公司（浙江统计项目）","Shaanxi Jutai New Materials Technology Co., Ltd.",陕西聚泰新材料科技有限公司（浙江统计项目）,用户提供的中国项目表
CN167,赣州寒锐新能源科技有限公司 赣州寒锐,,赣州寒锐新能源科技有限公司,企业、政府或上市公司公开披露
CN168,广西格派电池新材料有限公司 广西格派,,广西格派电池新材料有限公司,企业、政府或上市公司公开披露
CN169,盛屯能源金属化学（贵州）有限公司 贵州盛屯,,盛屯能源金属化学（贵州）有限公司,企业、政府或上市公司公开披露
CN170,广东飞南资源利用股份有限公司 江西基地,"Guangdong Feinan Resources Utilization Co., Ltd.",广东飞南资源利用股份有限公司,用户提供的中国项目表
