项目ID,项目,状态,资料时点,说明,分产品状态,整理日期
NPI004,PT Nicole Metal Industry (NMI) 妮可镍业,已投产,2025年第二季度,2025年第二季度开始出现经营收入。NPI经营与高冰镍商业发货分别记录；收入披露没有拆分产品。,NPI／镍铁:既有生产业务；高冰镍:已见商业发货；本厂自产路径待补充,2026-09-18
NPI005,PT Angel Nickel Industry (ANI) 安琪镍业,已投产,2022年起；运营资料见正文,NPI装置已投入生产。,,2026-09-18
NPI006,PT Langit Metal Industry 蓝天金属工业,已投产,2021年3月,第四条RKEF启动；后续逐炉负荷未单独披露。,,2026-09-18
NPI007,PT Yashi Indonesia Investment 雅石投资,已投产,2020年6月22日投产；2024年工业名录,既有镍铁生产项目，当前逐炉负荷见后续经营披露。,,2026-09-18
NPI008,PT Youshan Nickel Indonesia 友山镍业,已投产,2020—2021年；后续经营见正文,已建立生产及低冰镍供料业务。,,2026-09-18
NPI009,PT Weda Bay Nickel (WBN) 纬达贝镍业,已投产,2025年报,镍铁冶炼业务运行；2026年9月的复采节点属于矿山。,,2026-09-18
NPI010,PT Infei Metal Industry 英菲金属工业,已投产,2022年4月投产；2024—2025年持续运营资料,已有商业运营记录。,,2026-09-18
NPI011,PT Cosan Metal Industry (COSAN) 科赞金属工业,已投产,2024/25财年,已形成经营收入；镍铁与冰镍产品分配见正文。,,2026-09-18
NPI012,PT Debonair Nickel Indonesia 德邦镍业,已投产,2023年1月12日首炉产出,已有生产记录，2026年分产品开工情况另行核对。,,2026-09-18
NPI013,PT Andalan Metal Industry (AMI) 安达兰金属工业,已投产,2023年既有NPI资产收购披露,已建成的NPI资产，当前逐炉运行情况未单列。,,2026-09-18
NPI014,PT Jiu Long Metal Industry 九龙金属工业,已投产,2026年5月,管理层介绍NPI生产、混矿和经营降本。,,2026-09-18
NPI015,PT Perkasa Metal Industry 佩尔卡萨金属工业,已投产 · 当期负荷待更新,2023年在运名录；2023—2026年贸易样本,已找到具名在运名录，移出“投产待确认”；当前逐炉负荷另核。,,2026-09-18
NPI016,PT Kao Rahai Smelters 金川考拉海冶炼,已投产,2026年评级资料,资料称产能、产销保持稳定。,,2026-09-18
NPI017,PT Lipe Metal Industry 利佩金属工业,已投产 · 当期负荷待更新,2023年在运名录；2023—2026年贸易样本,已找到具名在运名录，移出“投产待确认”；当前逐炉负荷另核。,,2026-09-18
NPI018,PT Maluku Utara Metal Industry 北马鲁古金属工业,已投产 · 当期负荷待更新,2023年在运名录；2023—2026年贸易样本,已找到具名在运名录，移出“投产待确认”；当前逐炉负荷另核。,,2026-09-18
NPI019,PT Lin Victor Metal Industry 林维克金属工业,已投产 · 当期负荷待更新,2023年在运名录；2023—2026年贸易样本,已找到具名在运名录，移出“投产待确认”；当前逐炉负荷另核。,,2026-09-18
NPI020,PT Sunny Metal Industry 旭日金属工业,已投产,2022年底试产；2023年初商业生产,NPI与低冰镍的生产和销售关系见正文。,,2026-09-18
NPI021,PT Westrong Metal Industry 纬创金属工业,部分产线检修 · 恢复进度待更新,2026年第二季度；上半年经营报告,WMI二季度检修影响产出，尚未确认所有检修线恢复。,,2026-09-18
NPI022,PT Huake Nickel Indonesia 华科镍业,已投产,2022年第四季度起,NPI及高冰镍转换均有历史生产资料，当前产品分配另看经营记录。,,2026-09-18
NPI023,PT Jade Bay Metal Industry 翡翠湾金属工业,已投产,2025年高冰镍业务及2026年样本,已有NPI及高冰镍相关生产和销售资料。,,2026-09-18
NPI024,PT Lancon Metal Industry 澜凯金属工业,已投产,2025年行业组合表,行业资料列为在产，逐厂设备和后续开工情况仍需更新。,,2026-09-18
NPI026,PT Indonesia Guang Ching Nickel and Stainless Steel Industry (GCNS) 印尼广青镍业,已投产,2016年4月投入运营,产线已经投运，2026年逐炉负荷未独立披露。,,2026-09-18
NPI027,PT Indonesia Tsingshan Stainless Steel (ITSS) 印尼青山不锈钢,已投产,2016年底建成及后续生产资料,同厂镍铁及不锈钢业务分别阅读。,,2026-09-18
NPI028,PT Sulawesi Mining Investment (SMI) 苏拉威西矿业投资,已投产,2015年1月正式生产,产线已经投运，2026年逐炉负荷未独立披露。,,2026-09-18
NPI029,PT Tsingshan Steel Indonesia (TSI) 青山钢铁印尼,已投产 · 现况待更新,2016年历史生产披露,已有低镍铁与炼钢经营，最新镍线开工情况未披露。,,2026-09-18
NPI030,PT Zhao Hui Nickel (ZHN) 兆辉镍业,已投产,2023年第二季度完成调试,NPI生产与上游低冰镍供料分别记录。,,2026-09-18
NPI031,PT Oracle Nickel Industry (ONI) 奥拉克镍业,已投产,2026年经营资料,NPI生产继续，退出冰镍转换投资不等于NPI停产。,,2026-09-18
NPI032,PT Ocean Sky Metal Industry 海天金属工业,已投产,2024年上半年政府企业资料,资料明确生产，最新逐炉开工未披露。,,2026-09-18
NPI033,PT Indonesia Ruipu Nickel and Chrome Alloy (IRNC) 印尼瑞浦镍铬合金,已投产,2018年加工记录；2022年园区资料,镍铁及不锈钢加工组成综合项目，NPI各炉首产日期另核。,,2026-09-18
NPI034,PT Walsin Nickel Industrial Indonesia (WNII) 印尼华新镍业,已投产,2022年全线达产,NPI生产和销售已建立，2026年逐炉运行情况未单列。,,2026-09-18
NPI035,PT Bukit Smelter Indonesia (BSI) 布吉特冶炼,已投产,2026年第二季度供料资料,NPI在产；低冰镍按厂组披露，不能将厂组合计分配给单厂。,,2026-09-18
NPI036,PT Cahaya Smelter Indonesia (CSI) 卡哈亚冶炼,已投产,2020年初起,NPI与低冰镍业务已投入运营。,,2026-09-18
NPI037,PT Lestari Smelter Indonesia (LSI) 莱斯塔里冶炼,在产,2026年9月18日用户确认,LSI目前在产，运营抬头沿用用户原表确认的PT Lestari Smelter Indonesia（LSI）。,,2026-09-18
NPI038,PT Hengjaya Nickel Industry (HNI) 恒嘉镍业,已投产,2025年及2026年上半年,经营主线为NPI；低冰镍转换属于历史产品经历。,,2026-09-18
NPI039,PT Ranger Nickel Industry (RNI) 兰吉尔镍业,已投产,2019年5月起,NPI与历史低冰镍转换按时期分别记录。,,2026-09-18
NPI041,PT Obsidian Stainless Steel (OSS) 德龙二期,已投产,2026年官方运营访问记录,一体化项目已运行，逐炉负荷未披露。,,2026-09-18
NPI042,PT Virtue Dragon Nickel Industry (VDNI) 德龙一期,已投产,2017年首批镍铁出口及后续经营,已投运的镍铁项目，当前各炉负荷另核。,,2026-09-18
NPI043,PT Gunbuster Nickel Industry (GNI) 德龙三期,部分停产：三厂两停一开,2026年8月10日公司声明,GNI确认仅维持一座冶炼厂运行，两座暂停。,,2026-09-18
NPI044,PT Nadesico Nickel Industry (NNI) 德龙四期,已投产,2024年高冰镍首产披露,原有NPI项目已运行，高冰镍转换已首产；当前两类产品分配另核。,,2026-09-18
NPI046,PT Karunia Permai Sentosa (KPS) 力勤哈利达KPS镍铁项目,已投产 · 已达产,2026年8月1日,已披露全线投产及达产节点。,,2026-09-18
NPI047,PT Halmahera Jaya Feronikel (HJF) 力勤哈利达HJF镍铁项目,已投产,2022年10月—2023年5月,八条RKEF分线投运。,,2026-09-18
NPI048,PT Megah Surya Pertiwi (MSP) 新兴铸管MSP镍铁项目,已投产 · 现况待更新,2017年商业运营,已有稳定商业生产经历；2026年逐炉状态未单独披露。,,2026-09-18
NPI049,PT Wanatiara Persada (WP) 金川WP镍铁项目,已投产,2019年投运；2023年产量,已有具名冶炼和产量记录，最新逐月负荷见后续披露。,,2026-09-18
NPI051,PT Shuoshi Indonesia Investment 华宝硕石镍铁,已投产 · 全线投产,2024年8月24日,首条产线与全线投产分开记录。,,2026-09-18
NPI053,PT Bahodopi Nickel Smelting Indonesia (BNSI) 巴哈多比镍冶炼,未投产 · 建设中,2026年7月设备到场,历史RKEF方案未确认首产；后续转入HPAL建设。,原RKEF镍铁方案:未确认投产；后续HPAL项目:未投产／建设中,2026-09-18
NPI054,PT Wanxiang Nickel Indonesia 万向镍业,停产,2026年9月18日用户确认,万向镍业目前停产。2026年3月“两条线运行”的报道保留为历史信息，不作为当前状态。,,2026-09-18
NPI055,PT Huadi Nickel-Alloy Indonesia 华迪镍合金,停产,2025年停产记录；2026年5月FINI确认,FINI于2026年5月确认停产，尚未找到后续复产披露。,,2026-09-18
NPI056,PT COR Industri Indonesia (CORII) 印尼COR冶炼,停产／临时停运,官网称2022年初起；2025财报仍述暂停,母公司继续披露冶炼暂停；公司和资产仍存在不代表已复产。,,2026-09-18
NPI057,PT Metal Smeltindo Selaras (MSS) 青岛中程MSS镍铁项目,已投产 · 现况待更新,既有经营资料及2025年合同,已存在镍铁冶炼经营，最新逐炉负荷未披露。,,2026-09-18
NPI058,PT Aneka Tambang Tbk — Pomalaa 安塔姆波马拉镍铁厂,已投产,1976—2007年分期投产；2024年供电更新,波马拉各期镍铁项目已建成运营。,,2026-09-18
NPI059,PT Artha Mining Industry 阿尔塔矿业,建设后续与投产待确认,2023工作报告；2025年PSN仍列名,政府曾记设备到场、考虑调整技术；后续首产仍未找到。,,2026-09-18
NPI060,PT Ceria Nugraha Indotama (CNI) 塞里亚镍铁项目,已投产,2025年4月27日首产；7月发运,FeNi装置已产出产品。,,2026-09-18
NPI061,PT Artabumi Sentra Industri (ASI) 阿尔塔布米工业,建设及投产现况待确认,2020年资产说明；2023工作报告,六座旧高炉资产与后续技术调整工程须分开，未找到对应首产记录。,,2026-09-18
NPI062,PT Bumi Mineral Sulawesi (BMS) 苏拉威西布米矿业,部分停产：FeNi 1临停,2026年8月16日起；8月22—26日报道,一号厂因水电供应不足临时停运；不能据此确认全厂停产。,镍铁:FeNi 1临时停运；另一炉负荷待核；硫酸镍二期:未投产／建设中,2026-09-18
NPI063,PT Anugrah Tambang Sejahtera (ATS) 安努格拉矿业,冶炼主体与投产待确认,2019年开幕；2020—2022年Silkroad披露,ATS Sejahtera、ATS Smelter与ASI设备所有者不能混为一家。,,2026-09-18
NPI064,PT Asia Mining Minerals 亚洲矿业矿产,未投产（历史建设记录）,2020年进度资料,当时完成度30.30%；后续是否完成首产尚未取得更新。,,2026-09-18
NPI065,PT Unity Nickel Alloy Indonesia 印尼联合镍合金,停复产现况待确认,原表历史停产；2023—2024年扩容线索,存在送电及扩建资料，但未找到具名复产或当前产量披露。,,2026-09-18
NPI067,PT Kalimantan Ferro Industry (KFI) 加里曼丹铁业,已投产,2024年7月三炉运行；2025年6月访问记录,已建产线与后续规划规模分开统计。,,2026-09-18
NPI068,PT Sebuku Ferroalloy Perkasa 塞布库铁合金,自产与当前运行待确认,2025年贸易；2026年生产岗位招聘,已有原料、成品及电炉岗位活动线索，尚缺本厂产量与首产披露。,,2026-09-18
NPI069,PT Mitra Murni Perkasa (MMP) 米特拉穆尔尼冶炼,已投产 · 调试爬坡,2025年6月起调试；后续销售见正文,2026年满产为原目标，不作为已达产判断。,,2026-09-18
NPI071,PT Growth Java Industry (GJI) 爪哇成长工业,已投产 · 镍线现况待更新,2025年第三季度官网更新,已有NPI/FeNi业务；新点火的FeSi不代表镍线复产。,,2026-09-18
NPI072,PT Aneka Tambang Tbk — East Halmahera 安塔姆东哈马黑拉镍铁厂,已投产,2023年9月12日首次出铁,商业进度与达产情况见项目正文。,,2026-09-18
NPI073,PT Cahaya Modern Metal Industri (CMMI) 现代金属工业,历史已复产 · 现况待确认,2021年生产数据；2023年论文发表,已找到历史停产以后的生产数据，不能再用2017年停产代表现况。,,2026-09-18
NPI074,PT Bintang Timur Steel 东方之星钢铁,已投产 · 现况待更新,2015年调试；2017年产量,曾实际生产镍铁，后续运行不连续。,,2026-09-18
NPI075,PT Century Metalindo 世纪冶金,停产维护,2024年2月起；2025年12月资产报告,Wood Mackenzie仍列维护保养，未取得2026年复产资料。,,2026-09-18
P01,PT Huaneng Metal Industry (HNMI) 华能金属工业,已投产 · 已复产,2025年10月恢复,2025年第二、第三季度暂停高冰镍，10月恢复运行。,,2026-09-18
P02,PT Zhongtsing New Energy 中青新能源,已投产,2026年初二期全线投产,已有低冰镍及高冰镍连续生产路线。,,2026-09-18
P05,PT Walhsu Metal Industry 华旭金属工业,已投产,2024—2025年财报及经营资料,高冰镍转换业务已有运行与销售记录。,,2026-09-18
P09,PT JIAMAN NEW ENERGY 嘉曼新能源,已投产 · 扩线试产,2025年首产；2026年6月第三线试产,前期产线已生产，第三条线单独处于试产阶段。,,2026-09-18
P11,PT Universe Smelter Metal Industry 寰宇冶炼,已投产,2026年5月生产报道,已有具名转换工序生产报道。,,2026-09-18
P12,PT Vale Indonesia Tbk 淡水河谷索罗瓦科高冰镍项目,已投产 · 检修后恢复,2026年第一季度及后续经营资料,三号炉重建影响阶段性产量，后续恢复生产。,,2026-09-18
P25,PT Hanrui Nickel Indonesia 寒锐镍业,点火调试／试产,2026年4月10日点火,装置进入热态调试；稳定商业产销仍待后续披露。,高冰镍装置:点火调试,2026-09-18
P26,PT Huaxing Nickel Indonesia 华星镍业,点火调试／试产,2026年3月试验线点火,试验线与后续工程分开；尚未确认稳定商业产品。,P05试验线:点火调试；P07等后续工程:未投产／建设推进,2026-09-18
P27,PT Huashuo Nickel Indonesia 华硕镍业,法人已确认 · 投产待确认,华友2024年度股东大会资料,华硕是华友具名子公司，与华兴为不同法人；具体工程和首产仍待确认。,,2026-09-18
P28,PT Jiamanda New Energy 嘉曼达新能源,未投产 · 规划阶段,2026年上半年,资本尚未完成认缴，未见首炉或商业生产记录。,,2026-09-18
P29,PT JIAMANMEI NEW ENERGY 嘉曼美新能源,未投产 · 筹建,2026年上半年,处于筹建阶段。,,2026-09-18
P30,PT Yongyu International Energy Indonesia 永誉国际候选项目,未投产／工程仍列在建,截至2026年6月30日,永誉工程仍列在建工程约1.249亿元，作为未投产工程跟踪。,,2026-09-18
P31,PT Dowstone Energy Material Indonesia 道氏能源材料,未投产 · 规划／建设,2022年框架及后续报告,已有合作建设安排，未披露商业首产。,,2026-09-18
P32,PT CNGR Xing qiu New Energy 中伟兴球新能源,未投产 · 规划阶段,2026年上半年,尚未披露商业首产。,,2026-09-18
P33,PT CNGR Xing quan New Energy 中伟兴全新能源,未投产 · 建设中,2026年上半年,在建项目，未确认首产。,,2026-09-18
P34,PT CNGR Xing xin New Energy 中伟兴新新能源,未投产 · 建设中,2026年上半年,4万吨冰镍项目仍列在建工程。,,2026-09-18
P38,PT CHENGMACH NICKEL INDONESIA 盛迈镍业,未投产 · 项目终止,2025年12月,投资项目终止，不能列作已建停产厂。,,2026-09-18
P40,PT Ceria Nugraha Indotama — Matte Project 塞里亚冰镍规划,未投产（冰镍规划）,2025年后续规划资料,FeNi已由相关项目首产，本条目的冰镍装置尚未确认投产。,冰镍装置:未投产／规划；相关FeNi项目:已投产,2026-09-18
P41,ANTAM–CNGR Nickel Matte Project 安塔姆与中伟冰镍合资规划,未投产 · 合资规划,2022年框架；原目标2025年,原目标年份不等于实际建成投产。,,2026-09-18
P48,PT Hengsheng New Energy Material Indonesia 恒生新能源材料,已投产,2023年8月28日低冰镍首产,低冰镍已有业务，高冰镍能力需另行判断。,,2026-09-18
P49,PT Alam Cipta Lestari 阿拉姆齐普塔莱斯塔里,出口主体 · 生产未识别,2023—2025年样本,不凭发货记录判定为独立生产厂。,,2026-09-18
MHP000,PT Hydrotech Metal Indonesia 海卓科技印尼出口主体,出口主体 · 生产未识别,2023年9月起出口样本,仅标注贸易身份，不计独立大型生产装置。,,2026-09-18
MHP003,PT Halmahera Persada Lygend (HPL) 奥比岛力勤HPL湿法项目,已投产,MHP于2021年；硫酸镍于2023年,MHP与硫酸镍晶体均已生产，产销按产品分别展示。,MHP:已投产；硫酸镍晶体:已投产,2026-09-18
MHP005,PT Obi Nickel Cobalt (ONC) 奥比镍钴湿法三期,已投产,2024年开始运行；2025年三条线全运行,ONC作为独立分期项目记录，生产与扩建情况见正文。,,2026-09-18
MHP006,PT Huayue Nickel Cobalt (HNC) 华越镍钴,已投产 · 已达产,2021年11月首产；2022年4月达产,MHP生产设施已投入运行。,,2026-09-18
MHP007,PT Sulawesi Nickel Cobalt (SLNC) 苏拉威西镍钴,未投产 · 建设调试中,2026年第二季度,原料准备厂已调试，尚未以此认定HPAL整厂产出MHP。,,2026-09-18
MHP008,PT Huafei Nickel Cobalt 华飞镍钴,部分停产检修,2026年5月1日起；8月19日半年报,半年报仍记部分产线检修，未取得后续全面复产公告。,,2026-09-18
MHP009,PT Gebe Industry Nickel 格贝镍业,历史已投产 · 现况待确认,2017年生产；2024年政府展示资料,Gresik工厂历史生产已确认，2025—2026年连续运行情况未查明。,,2026-09-18
MHP010,PT Gostal Nickel Indonesia 戈斯塔尔镍业,已投产,2023年第三季度商业生产,模块化STAL项目已生产MHP。,,2026-09-18
MHP011,PT QMB New Energy Materials 青美邦新能源材料,已投产,硫酸镍2025年启动；电积镍2025年9月,MHP、硫酸镍晶体及电积镍分线记录。,MHP:已投产；硫酸镍晶体:已投产；电积镍:已投产,2026-09-18
MHP013,PT ESG New Energy Material ESG新能源材料,已投产,2025年产量资料,MHP商业运行，有实际产量。,,2026-09-18
MHP014,PT Meiming New Energy Material (MNEM) 美明新能源材料,已投产,2024年10月投料；2025年运行,湿法项目已有运行记录。,,2026-09-18
MHP015,PT Green Eco Nickel (GEN) 格林爱科镍业,已投产 · 生产受扰,2026年第二季度,MHP已商业运营；2026年第二季度暴雨和滑坡影响生产，不据此推定全部产线停产。,,2026-09-18
MHP016,PT Blue Sparking Energy (BSE) 蓝焰能源,已投产 · 满产运行,2026年7月31日公告,已商业销售并完成爬坡。,,2026-09-18
MHP017,PT Excelsior Nickel Cobalt (ENC) 晨曦镍钴,已投产 · 爬坡中,2026年7—9月,MHP及阴极镍已首产；硫酸镍成品首产未公告。,MHP:已投产／爬坡；阴极镍:已投产／爬坡；硫酸镍成品:投产待确认,2026-09-18
MHP018,PT Kolaka Nickel Indonesia (KNI) 科拉卡镍业波马拉湿法项目,机械完工／调试阶段,2026年8月13日披露,一条线机械完工，准备运行测试；尚未据此确认首批MHP或商业生产。,MHP:调试阶段,2026-09-23
MHP020,Guangqing HPAL Project 广青湿法项目,未投产 · 建设中,已获批及全面开建披露（状态日期未注明）,尚未披露首次MHP产出。,,2026-09-18
MHP021,PT Ceria Kobalt Indotama (CKI) 塞里亚科巴尔特镍钴项目,未投产 · 开发中,2020年合作及2025年筹备资料,未确认商业投产。,,2026-09-18
MHP022,Sorowako Limonite HPAL Project 索罗瓦科褐铁矿湿法项目,未投产 · 开发中,2026年项目更新,目标完工时间更新至2028年底，仍属计划。,,2026-09-18
MHP023,PT Teluk Metal Industry (TMI) 海湾金属TMI湿法项目,在建,2026年6月投资公告,独立在建HPAL项目，计划2027年调试；签约投资尚不代表付款交割完成。,MHP:规划／建设中,2026-09-23
MHP024,PT Nickel Cobalt Halmahera (NCH) 布里镍钴,未投产 · 开发中,2025年设立及合作公告,HPAL开发与下游材料规划分开记录。,,2026-09-18
MHP025,PT EVerde Global Mineral 伊沃德湿法项目,项目已识别 · 投产待确认,公司HPAL项目页；2025年起工程人员资料,已对应北莫罗瓦利HPAL项目，完整建设阶段和首产未披露。,,2026-09-18
MHP026,PT Anugrah Neo Energy Materials 尼奥能源湿法项目,未投产 · 开发中,官网目标2029年底投运,目标日期仍是规划，不能当作已投产。,,2026-09-18
MHP027,CNGR HPAL Project 中伟湿法项目,项目身份待确认,2024年投资者问答；后续具名项目尚未对应,“中伟湿法项目”尚未对应唯一法人，不单独计作已落实产能。,,2026-09-18
MHP028,PT Chengsheng New Energy (CNE) 诚盛新能源,未投产 · 建设中,2026年6月交易及建设资料,目标2027年中调试。,,2026-09-18
MHP029,Haiwan Metal Project 海湾金属待识别项目,未投产 · TMI别名线索,2026年6—7月TMI投资披露,“海湾”已找到TMI中文对应；旧条目不另计一座6万吨新厂。,,2026-09-18
MHP031,PT Huashan Nickel Cobalt 华山镍钴,未投产 · 建设推进,2022年投资及后续建设资料,规划及建设推进，未确认商业首产。,,2026-09-18
MHP032,PT Excellen Silo Leaching 埃克塞伦西洛浸出项目,未投产（项目页列建设中）,项目网页无更新日期；2023年设备交付,按已取得项目资料列建设阶段，迁址及后续投产仍需补证。,,2026-09-18
MHP033,PT Ceria Kobalt Prima 塞里亚科巴尔特普里玛项目,独立法人及项目待确认,具名披露指向CKI；CKP尚未闭合,CKP不与CKI直接合并，也不另计确认产能。,,2026-09-18
MHP034,Meta Nikel Kobalt Madencilik Sanayi ve Ticaret A.Ş. 梅塔格尔德斯镍钴项目,在产,底表核实年份：2026；状态始于2025年,该记录按全球普查底表列为在产。,,2026-09-18
MHP035,Prony Resources New Caledonia SAS 普罗尼戈罗镍钴项目,在产,底表核实年份：2026；状态始于2026年,该记录按全球普查底表列为在产。,,2026-09-18
MHP036,Ravensthorpe Nickel Operations (RNO) 雷文斯索普镍业,保养维护(C&M),底表核实年份：2026；状态始于2024年,该记录按全球普查底表列为保养维护(C&M)。停产及变化背景见正文。,,2026-09-18
MHP037,Ramu NiCo Management (MCC) Limited 瑞木镍钴,在产,底表核实年份：2026；状态始于2025年,该记录按全球普查底表列为在产。,,2026-09-18
MHP039,Hellenic Minerals Ltd — Skouriotissa 希腊矿业斯库里奥蒂萨项目,已投产 · 现况待更新,2021年首产；官网司法审查标注,曾产出MHP及建设硫酸镍设施；不能据历史首产认定当前正常生产。,,2026-09-18
MHP040,Norilsk Nickel Cawse Pty Ltd 考斯历史项目,保养维护(C&M),底表核实年份：2014；状态始于2008年,该记录按全球普查底表列为保养维护(C&M)。停产及变化背景见正文。,,2026-09-18
MHP041,Norilsk Nickel Avalon Pty Ltd — Bulong 布隆阿瓦隆历史项目,永久关闭,底表核实年份：2014；状态始于2003年,该记录按全球普查底表列为永久关闭。停产及变化背景见正文。,,2026-09-18
MHP042,LS MnM Inc. — EVBM Onsan / Saemangeum LS电池材料温山与新万金项目,未投产（电池材料项目）,2023年公布的分期建设计划,温山原计划2026年试车、2027年生产；原有铜业务不作为本项目投产依据。,,2026-09-18
MHP043,Piauí Níquel Metais S.A. 皮奥伊镍项目,规划中或可研,底表核实年份：2026；状态始于2026年,该记录按全球普查底表列为规划中或可研。,,2026-09-18
MHP044,Moa Joint Venture / Fort Saskatchewan Refinery 莫阿与萨斯喀彻温堡加工链,镍钴加工链停产,2026年6月；第二季度业绩,Moa加工及加拿大金属精炼停止，肥料和硫酸业务另计。,,2026-09-18
MHP045,Coral Bay Nickel Corporation (CBNC) 珊瑚湾镍业,在产,底表核实年份：2026；状态始于2025年,该记录按全球普查底表列为在产。,,2026-09-18
MHP046,Terrafame Ltd 特拉法姆索特卡莫项目,在产,底表核实年份：2026；状态始于2025年,该记录按全球普查底表列为在产。,,2026-09-18
MHP047,Taganito HPAL Nickel Corporation (THPAL) 塔加尼托高压酸浸项目,在产,底表核实年份：2026；状态始于2025年,该记录按全球普查底表列为在产。,,2026-09-18
MHP048,Ambatovy Minerals S.A. / Dynatec Madagascar S.A. 安巴托维镍钴项目,在产,底表核实年份：2026；状态始于2026年,该记录按全球普查底表列为在产。,,2026-09-18
MHP049,Murrin Murrin Operations / Minara Resources 穆林穆林镍钴项目,在产,底表核实年份：2026；状态始于2025年,该记录按全球普查底表列为在产。,,2026-09-18
RF001,PT CNGR Ding Xing New Energy 中伟鼎兴新能源,已投产,2023年起,精炼镍生产与LME品牌注册分别记录。,,2026-09-18
RF002,PT Eternal Nickel Industry 永恒镍业,已投产 · 爬坡,2025年10月运营披露,已投产，后续品牌注册不等同首产日期。,,2026-09-18
RF003,PT Huaxiang Refining Indonesia 华翔精炼,硫酸镍爬坡；硫酸钴首批出口,2026年4月,首批出口不代表产能完全释放。,硫酸镍:爬坡；硫酸钴:首批出口,2026-09-23
RF004,PT Indonesia Qingmei Energy Materials (IQEM) 印尼青美能源材料,下游／出口主体,2025年7月前驱体能力建成,前驱体项目已建成；硫酸镍出口不单独证明其拥有独立硫酸镍制造装置。,前驱体项目:已建成；硫酸镍:制造归属待确认,2026-09-18
RF005,PT Indonesia Service Provider 印尼服务供应商出口抬头,贸易／报关主体,2025年3月起出口样本,不计作独立生产装置。,,2026-09-18
GL001,Euronickel Industries (formerly FENI Industries) Kavadarci Ferronickel Plant 欧洲镍业(Euronickel Industries，原FENI Industries)卡瓦达尔齐镍铁厂,停产(可复产),底表核实年份：2025；状态始于2024年,该记录按全球普查底表列为停产(可复产)。停产及变化背景见正文。,,2026-09-18
GL003,Çaldağ Nickel Laterite Atmospheric Heap Leach Project 恰尔达(Çaldağ)红土镍常压堆浸项目,保养维护(C&M),底表核实年份：2013；状态始于2013年,该记录按全球普查底表列为保养维护(C&M)。停产及变化背景见正文。,,2026-09-18
GL004,LARCO (GMM S.A.) Larymna Ferronickel Smelter 拉尔科(LARCO)拉里姆纳镍铁冶炼厂,永久关闭,底表核实年份：2024；状态始于2022年,该记录按全球普查底表列为永久关闭。停产及变化背景见正文。,,2026-09-18
GL005,Nickelhütte Aue GmbH 奥厄镍冶炼厂(Nickelhütte Aue),在产,底表核实年份：2025；状态始于2025年,该记录按全球普查底表列为在产。,,2026-09-18
GL006,Ringerike Nikkelverk 灵厄里克镍厂,永久关闭,永久关闭；20世纪20年代初结束运营,经历镍价下降、多次停复产及1920年破产，1922年现场活动结束。,,2026-09-21
GL007,Evje Nikkelverk (Flåt Nickel Smelter) 埃夫耶镍冶炼厂（弗洛特矿配套冶炼厂）,永久关闭,底表核实年份：1946；状态始于1946年,该记录按全球普查底表列为永久关闭。停产及变化背景见正文。,,2026-09-18
GL008,Senjen Nickel Works (Senjens Nikkelverk) 塞尼亚(Senjen)镍矿冶炼厂,永久关闭,底表核实年份：1894；状态始于1894年,该记录按全球普查底表列为永久关闭。停产及变化背景见正文。,,2026-09-18
GL009,Glencore Nikkelverk (Kristiansand Nickel Refinery) 嘉能可克里斯蒂安桑镍精炼厂(Nikkelverk),在产,底表核实年份：2025；状态始于2025年,该记录按全球普查底表列为在产。,,2026-09-18
GL010,Niklová huta Sereď (Sereď Nickel-Cobalt Electrolytic Plant) 谢雷季(Sereď)镍钴电解厂,永久关闭,底表核实年份：1992；状态始于1992年,该记录按全球普查底表列为永久关闭。停产及变化背景见正文。,,2026-09-18
GL011,"Umicore Olen Site (Cobalt & Specialty Materials, incl. nickel sulphate line) 优美科(Umicore)奥伦(Olen)基地（钴与特种材料，含镍盐产线）",在产,底表核实年份：2025；状态始于2025年,该记录按全球普查底表列为在产。,,2026-09-18
GL012,Septèmes-les-Vallons 塞普泰姆历史镍精炼厂,永久关闭,历史设施，已关闭,精炼阶段未能稳定生产合适质量的商品镍，随后产业链转向其他技术与厂址。,,2026-09-21
GL013,Sandouville Nickel Refinery (Le Havre) 桑杜维尔(Sandouville)镍精炼厂（勒阿弗尔附近）,保养维护(C&M),底表核实年份：2025；状态始于2025年,该记录按全球普查底表列为保养维护(C&M)。停产及变化背景见正文。,,2026-09-18
GL014,Zakłady Górniczo-Hutnicze Szklary 什克拉雷矿冶厂,永久关闭,镍冶炼1982年停止；采矿终止另有1983年记载,富矿不足、处理成本和工作环境问题；1982年冶炼停止，矿业终止另有1983年记载。,,2026-09-21
GL015,NewCo Ferronikeli Complex 纽科费罗尼克利(NewCo Ferronikeli)镍铁联合企业,在产,底表核实年份：2023；状态始于2023年,该记录按全球普查底表列为在产。,,2026-09-18
GL016,Boliden Harjavalta Smelter (nickel line) 波利登哈尔亚瓦尔塔冶炼厂（镍线）,在产,底表核实年份：2026；状态始于2025年,该记录按全球普查底表列为在产。,,2026-09-18
GL017,Nornickel Harjavalta (Norilsk Nickel Harjavalta Oy) Nickel Refinery 诺里尔斯克镍业哈尔亚瓦尔塔精炼厂,在产,底表核实年份：2026；状态始于2025年,该记录按全球普查底表列为在产。,,2026-09-18
GL018,Kokkola (Umicore Finland) — planned 50kt nickel refinery (paused); existing cobalt/pCAM plant 科科拉(Umicore)镍精炼规划线(暂停)；现有钴精炼/pCAM厂,规划中或可研,底表核实年份：2025；状态始于2022年,该记录按全球普查底表列为规划中或可研。,,2026-09-18
GL020,Hafod Isha Nickel and Cobalt Works (H.H. Vivian & Co. Ltd.) 哈福德伊沙(Hafod Isha)镍钴厂(维维安父子公司),永久关闭,底表核实年份：1894；状态始于1894年,该记录按全球普查底表列为永久关闭。停产及变化背景见正文。,,2026-09-18
GL021,Vale Clydach Refinery 淡水河谷克莱达赫(Clydach)镍精炼厂,在产,底表核实年份：2026；状态始于2025年,该记录按全球普查底表列为在产。,,2026-09-18
GL022,INCO / Vale Acton Refinery (London) 国际镍公司(INCO)/淡水河谷阿克顿(Acton)精炼厂（伦敦）,永久关闭,底表核实年份：2019；状态始于2019年,该记录按全球普查底表列为永久关闭。停产及变化背景见正文。,,2026-09-18
GL023,"Elbasan Metallurgical Combine – Nickel-Cobalt Plant (""Steel of the Party"" / Kombinati Metalurgjik ""Çeliku i Partisë"") 埃尔巴桑冶金联合企业镍钴厂(""党的钢铁""联合企业)",永久关闭,底表核实年份：1991；状态始于1991年,该记录按全球普查底表列为永久关闭。停产及变化背景见正文。,,2026-09-18
GL024,Pobuzhsky Ferronickel Plant (PFK) 波布日镍铁厂（PFK）,停产(可复产),底表核实年份：2026；状态始于2022年,该记录按全球普查底表列为停产(可复产)。停产及变化背景见正文。,,2026-09-18
GL025,Ufaleynickel (OAO/JSC Ufaleynickel) 乌法列镍厂,永久关闭,底表核实年份：2017；状态始于2017年,该记录按全球普查底表列为永久关闭。停产及变化背景见正文。,,2026-09-18
GL026,Rezhnickel (ZAO/OAO Rezhnickel) 雷日镍厂,永久关闭,底表核实年份：2017；状态始于2017年,该记录按全球普查底表列为永久关闭。停产及变化背景见正文。,,2026-09-18
GL027,"South Urals Nickel Combine (Kombinat Yuzhuralnickel), Orsk 南乌拉尔镍联合企业（奥尔斯克）",保养维护(C&M),底表核实年份：2026；状态始于2012年,该记录按全球普查底表列为保养维护(C&M)。停产及变化背景见正文。,,2026-09-18
GL028,"Severonickel (Kola MMC Refining Plant), Monchegorsk 北方镍厂（科拉矿冶公司精炼厂，蒙切戈尔斯克）",在产,底表核实年份：2026；状态始于2026年,该记录按全球普查底表列为在产。,,2026-09-18
GL029,Nickel Plant (Norilsk) [Никелевый завод] 诺里尔斯克镍厂（老镍厂）,已拆除,底表核实年份：2019；状态始于2019年,该记录按全球普查底表列为已拆除。停产及变化背景见正文。,,2026-09-18
GL030,"Pechenganickel Combine Smelter, Nikel 佩琴加镍厂（尼克尔镇冶炼厂）",永久关闭,底表核实年份：2020；状态始于2020年,该记录按全球普查底表列为永久关闭。停产及变化背景见正文。,,2026-09-18
GL031,Nadezhda Metallurgical Plant (NMP) 纳杰日达冶金厂（纳杰日金斯基冶金厂）,在产,底表核实年份：2026；状态始于2026年,该记录按全球普查底表列为在产。,,2026-09-18
GL032,Buruktal (Svetly) Ferronickel Plant — ООО «БНЗ» (Buruktalsky Nickel Plant) 布鲁克塔尔(斯韦特雷)镍铁厂,停产(可复产),底表核实年份：2026；状态始于2018年,该记录按全球普查底表列为停产(可复产)。,,2026-09-18
GL033,Chernogorsky GOK (Kingash Ni-Cu-PGE integrated project) 切尔诺戈尔斯克矿冶联合体（金加什镍铜铂族金属一体化项目）,规划中或可研,底表核实年份：2026；状态始于2026年,该记录按全球普查底表列为规划中或可研。,,2026-09-18
GL034,Copper Plant (Norilsk) 诺里尔斯克铜厂,在产,底表核实年份：2026；状态始于2026年,该记录按全球普查底表列为在产。,,2026-09-18
GL035,Kaznickel (Gornostayevskoye Ni-Co ISL Project) 哈萨克镍业（戈尔诺斯塔耶夫斯科耶镍钴原位溶浸项目）,在建,底表核实年份：2025；状态始于2025年,该记录按全球普查底表列为在建。,,2026-09-18
GL036,Taiwan Nickel Refining Corporation 台湾镍业精炼股份有限公司,不详,底表核实年份：2012；状态始于2012年,该记录按全球普查底表列为不详。停产及变化背景见正文。,,2026-09-18
GL037,Niihama Nickel Refinery 新居浜镍精炼厂,在产,底表核实年份：2026；状态始于2024年,该记录按全球普查底表列为在产。,,2026-09-18
GL038,"Shimura Kako Co., Ltd. 志村化工株式会社(电解镍厂，历史)",永久关闭,底表核实年份：1979；状态始于1979年,该记录按全球普查底表列为永久关闭。停产及变化背景见正文。,,2026-09-18
GL039,"Nippon Yakin Kogyo Co., Ltd. Oheyama Works 日本冶金工业 大江山制作所",在产,底表核实年份：2025；状态始于2024年,该记录按全球普查底表列为在产。,,2026-09-18
GL040,Harima Refinery 播磨精炼厂,在产,底表核实年份：2026；状态始于2023年,该记录按全球普查底表列为在产。,,2026-09-18
GL041,"Pacific Metals Co., Ltd. (PAMCO) Hachinohe Works 太平洋金属八户制炼所",减产或部分停产,底表核实年份：2026；状态始于2025年,该记录按全球普查底表列为减产或部分停产。停产及变化背景见正文。,,2026-09-18
GL042,"Nippon Mining Co., Ltd. Nickel-Cobalt Separation Plant (historical) 日本矿业 镍钴分离厂(历史，选址未确认)",不详,底表核实年份：1975；状态始于1975年,该记录按全球普查底表列为不详。,,2026-09-18
GL043,"Hyuga Smelting Co., Ltd. 日向精炼所",在产,底表核实年份：2026；状态始于2024年,该记录按全球普查底表列为在产。,,2026-09-18
GL044,Mitsubishi Materials Naoshima Smelter (nickel byproduct) 三菱综合材料 直岛制炼所(镍副产),在产,底表核实年份：2019；状态始于2019年,该记录按全球普查底表列为在产。,,2026-09-18
GL045,Pacific Metals Hachinohe Polymetallic Nodule Processing Project 太平洋金属八户 多金属结核冶炼改造项目,规划中或可研,底表核实年份：2026；状态始于2025年,该记录按全球普查底表列为规划中或可研。,,2026-09-18
GL046,Sumitomo Metal Mining / Hyuga Smelting New Nickel Matte Production Facility 住友金属矿山/日向精炼 镍锍新产线,在建,底表核实年份：2026；状态始于2025年,该记录按全球普查底表列为在建。,,2026-09-18
GL047,"Tokyo Nickel Co., Ltd. / Vale Japan Ltd. 东京镍业公司(后更名Vale Japan)松阪制炼所",在产,底表核实年份：2026；状态始于2023年,该记录按全球普查底表列为在产。,,2026-09-18
GL048,Korea Nickel Corporation (KNC) 韩国镍业公司(KNC),永久关闭,底表核实年份：2023；状态始于2023年,该记录按全球普查底表列为永久关闭。停产及变化背景见正文。,,2026-09-18
GL049,"SNNC Co., Ltd. (POSCO-SMSP Ferronickel Smelter) SNNC(POSCO-SMSP合资镍铁厂)",在产,底表核实年份：2026；状态始于2024年,该记录按全球普查底表列为在产。,,2026-09-18
GL050,EcoPro Materials Pohang Plant (RMP / Nickel-Cobalt Refining + Precursor) EcoPro Materials 浦项厂(RMP镍钴精炼+前驱体),在产,底表核实年份：2025；状态始于2025年,该记录按全球普查底表列为在产。,,2026-09-18
GL051,POSCO High-Purity Nickel Refinery POSCO 光阳高纯镍精炼厂,在产,底表核实年份：2026；状态始于2023年,该记录按全球普查底表列为在产。,,2026-09-18
GL052,Torecom (LS MnM) Nickel Sulfate Refinery Torecom(LS MnM子公司) 牙山硫酸镍精炼厂,在产,底表核实年份：2023；状态始于2023年,该记录按全球普查底表列为在产。,,2026-09-18
GL053,"Korea Zinc ""All-in-One Nickel Smelter"" (KEMCO, new) 高丽亚锌 温山'一体化镍冶炼厂'(新建)",在建,底表核实年份：2026；状态始于2026年,该记录按全球普查底表列为在建。,,2026-09-18
GL054,LS MnM Ulsan Nickel-Cobalt-Manganese Sulfate Plant LS MnM 温山镍钴锰硫酸盐新厂,在建,底表核实年份：2024；状态始于2024年,该记录按全球普查底表列为在建。,,2026-09-18
GL055,KEMCO (Korea Zinc) Onsan Nickel Sulphate Refinery (existing line) 高丽亚锌/KEMCO 温山硫酸镍精炼厂(既有产线),在产,底表核实年份：2024；状态始于2021年,该记录按全球普查底表列为在产。,,2026-09-18
GL056,Hindustan Copper Ltd — Indian Copper Complex Nickel-Copper-Acid Recovery Plant 印度斯坦铜业公司—印度铜业联合体镍-铜-酸回收装置,不详,底表核实年份：2021；状态始于2021年,该记录按全球普查底表列为不详。停产及变化背景见正文。,,2026-09-18
GL057,Nicomet Industries Ltd. (Vedanta Nicomet) 尼科梅特工业公司（Vedanta Nicomet）,在产,底表核实年份：2026；状态始于2023年,该记录按全球普查底表列为在产。,,2026-09-18
GL058,AFC Nickel Sulphate Plant AFC硫酸镍厂,规划中或可研,底表核实年份：2022；状态始于2022年,该记录按全球普查底表列为规划中或可研。,,2026-09-18
GL059,Tagaung Taung Nickel-Iron (Ferronickel) Project 德贡东（塔冈冬）镍铁冶炼项目,减产或部分停产,底表核实年份：2024；状态始于2024年,该记录按全球普查底表列为减产或部分停产。停产及变化背景见正文。,,2026-09-18
GL060,Mwetaung (Gullu Mual) Nickel-Ferronickel Project 牟埃冬（古鲁穆阿）镍铁项目,项目中止(未建成),底表核实年份：2014；状态始于2014年,该记录按全球普查底表列为项目中止(未建成)。停产及变化背景见正文。,,2026-09-18
GL061,Nonoc Nickel Refinery (Marinduque Mining & Industrial Corp.); revival attempted by Philnico Industrial Corporation (PIC) 诺诺克岛镍精炼厂（马林杜克矿业公司建；后由Philnico公司尝试复产改造）,永久关闭,底表核实年份：2012；状态始于2012年,该记录按全球普查底表列为永久关闭。停产及变化背景见正文。,,2026-09-18
GL064,Global Ferronickel Holdings (GFNI) Planned HPAL Plant Global Ferronickel Holdings拟建HPAL厂,规划中或可研,底表核实年份：2024；状态始于2024年,该记录按全球普查底表列为规划中或可研。,,2026-09-18
GL065,Nickel Asia Corporation Third HPAL Plant (Pujada Peninsula Project) Nickel Asia第三座HPAL厂（普哈达半岛项目）,规划中或可研,底表核实年份：2024；状态始于2024年,该记录按全球普查底表列为规划中或可研。,,2026-09-18
GL066,Nickel Asia – DMCI Mining Nickel Processing Plant Partnership Nickel Asia与DMCI Mining镍加工厂合作项目,规划中或可研,底表核实年份：2025；状态始于2025年,该记录按全球普查底表列为规划中或可研。,,2026-09-18
GL067,Zambales Ferro-Nickel Plant and Mining Project (Westchinamin Corp.) 三描礼士省镍铁厂及配套矿山项目（Westchinamin公司）,不详,底表核实年份：2018；状态始于2018年,该记录按全球普查底表列为不详。,,2026-09-18
GL068,Ban Phuc Nickel Mine & Concentrator 版福镍矿及选矿厂,保养维护(C&M),底表核实年份：2025；状态始于2016年,该记录按全球普查底表列为保养维护(C&M)。停产及变化背景见正文。,,2026-09-18
GL069,Ta Khoa Refinery (TKR) 达卡精炼厂（塔科亚精炼厂）,规划中或可研,底表核实年份：2026；状态始于2025年,该记录按全球普查底表列为规划中或可研。,,2026-09-18
GL071,Pointe Chaleix Smelter 沙莱克斯角(Pointe Chaleix)冶炼厂（新喀里多尼亚第一座镍冶炼厂）,已拆除,底表核实年份：1879；状态始于1879年,该记录按全球普查底表列为已拆除。停产及变化背景见正文。,,2026-09-18
GL072,"Ouroué Foundry, Thio 蒂奥乌鲁埃(Ouroué)冶炼厂",已拆除,底表核实年份：1891；状态始于1891年,该记录按全球普查底表列为已拆除。停产及变化背景见正文。,,2026-09-18
GL073,Doniambo Smelter (SLN) 多尼安博(Doniambo)冶炼厂,减产或部分停产,底表核实年份：2026；状态始于2026年,该记录按全球普查底表列为减产或部分停产。,,2026-09-18
GL074,Thio-Mission Foundry 蒂奥教会区(Thio-Mission)冶炼厂,已拆除,底表核实年份：1930；状态始于1930年,该记录按全球普查底表列为已拆除。停产及变化背景见正文。,,2026-09-18
GL076,Koniambo Nickel SAS (KNS) Smelter 科尼安博(Koniambo)镍业公司(KNS)冶炼厂,保养维护(C&M),底表核实年份：2026；状态始于2024年,该记录按全球普查底表列为保养维护(C&M)。停产及变化背景见正文。,,2026-09-18
GL077,Hauts Fourneaux de Nouméa (Nouméa Blast Furnaces Co.) 努美阿高炉公司(Hauts Fourneaux de Nouméa),永久关闭,底表核实年份：1937；状态始于1937年,该记录按全球普查底表列为永久关闭。停产及变化背景见正文。,,2026-09-18
GL078,Kwinana Nickel Refinery (incl. Nickel Sulphate Plant) 奎纳纳镍精炼厂（含硫酸镍工厂）,保养维护,截至2026年6月30日,BHP年度运营报告确认西澳镍业务自2024年12月起处于暂时暂停状态。,,2026-09-23
GL079,Kalgoorlie Nickel Smelter 卡尔古利镍冶炼厂,保养维护,截至2026年6月30日,BHP年度运营报告确认西澳镍业务自2024年12月起处于暂时暂停状态。,,2026-09-23
GL080,Yabulu Nickel Refinery (Palmer Nickel and Cobalt Refinery) 亚布鲁镍精炼厂（帕尔默镍钴精炼厂）,停产(可复产),底表核实年份：2026；状态始于2016年,该记录按全球普查底表列为停产(可复产)。停产及变化背景见正文。,,2026-09-18
GL085,Cobalt Blue Kwinana Cobalt-Nickel Refinery Cobalt Blue Kwinana钴镍精炼厂,规划中或可研,底表核实年份：2026；状态始于2025年,该记录按全球普查底表列为规划中或可研。,,2026-09-18
GL086,Kalgoorlie Nickel Project – Goongarrie Hub 卡尔古利镍项目—贡加里枢纽,可行性研究阶段,2026年6月3日公告,可研完成时间延后；计划2026年10月底前更新后续安排，尚非投产承诺。,,2026-09-23
GL087,Kalgoorlie pCAM Battery Materials Hub (Poseidon Nickel / Pure Battery Technologies) 卡尔古利前驱体正极材料(pCAM)电池材料枢纽,不详,底表核实年份：2023；状态始于2023年,该记录按全球普查底表列为不详。停产及变化背景见正文。,,2026-09-18
GL088,Kwinana Integrated Battery Material Facility (IGO / Wyloo Downstream Nickel Project) 奎纳纳一体化电池材料设施(IGO/Wyloo下游镍项目),项目中止(未建成),底表核实年份：2024；状态始于2024年,该记录按全球普查底表列为项目中止(未建成)。停产及变化背景见正文。,,2026-09-18
GL089,NiWest Nickel-Cobalt Project NiWest镍钴项目,规划中或可研,底表核实年份：2026；状态始于2026年,该记录按全球普查底表列为规划中或可研。,,2026-09-18
GL090,Sconi Cobalt-Nickel-Scandium Project 斯科尼(Sconi)钴镍钪项目,规划中或可研,底表核实年份：2023；状态始于2023年,该记录按全球普查底表列为规划中或可研。,,2026-09-18
GL091,Sunrise Nickel-Cobalt Project (formerly Clean TeQ Sunrise) 日出(Sunrise)镍钴项目（原Clean TeQ Sunrise项目，与Syerston钪项目同一矿区）,规划中或可研,底表核实年份：2026；状态始于2026年,该记录按全球普查底表列为规划中或可研。,,2026-09-18
GL092,TECH Project (Townsville Energy Chemicals Hub) 昆士兰太平洋金属公司(QPM) TECH项目（汤斯维尔能源化工枢纽）,规划中或可研,底表核实年份：2026；状态始于2025年,该记录按全球普查底表列为规划中或可研。,,2026-09-18
GL093,Wingellina Nickel-Cobalt Project (Central Musgrave Project) 温杰利纳(中马斯格雷夫)镍钴项目,规划中或可研,底表核实年份：2026；状态始于2024年,该记录按全球普查底表列为规划中或可研。,,2026-09-18
GL094,"Canadian Copper Company Copper Cliff Smelter (1888 original plant) 加拿大铜业公司科珀克利夫冶炼厂(1888年原始厂,萨德伯里首座冶炼厂)",已拆除,底表核实年份：1902；状态始于1902年,该记录按全球普查底表列为已拆除。停产及变化背景见正文。,,2026-09-18
GL095,Copper Cliff Smelter Complex (Vale Sudbury Complex) 铜崖冶炼厂综合体（萨德伯里）,在产,底表核实年份：2026；状态始于2026年,该记录按全球普查底表列为在产。,,2026-09-18
GL096,Mond Nickel Company Victoria Mines Smelter 蒙德镍业公司维多利亚矿区冶炼厂,已拆除,底表核实年份：1913；状态始于1913年,该记录按全球普查底表列为已拆除。停产及变化背景见正文。,,2026-09-18
GL097,Deloro Smelting and Refining Company 德洛罗冶炼精炼公司（钴/银/砷为主，镍为伴生，存疑收录）,已拆除,底表核实年份：1961；状态始于1961年,该记录按全球普查底表列为已拆除。停产及变化背景见正文。,,2026-09-18
GL098,Coniston Smelter 科尼斯顿冶炼厂,已拆除,底表核实年份：1976；状态始于1976年,该记录按全球普查底表列为已拆除。停产及变化背景见正文。,,2026-09-18
GL099,"British America Nickel Corporation – Deschênes, Quebec Hybinette Refinery 英美镍业公司魁北克德申海宾内特法精炼厂",已拆除,底表核实年份：1923；状态始于1923年,该记录按全球普查底表列为已拆除。停产及变化背景见正文。,,2026-09-18
GL100,Port Colborne Nickel Refinery 科尔本港镍精炼厂,减产或部分停产,底表核实年份：2026；状态始于1984年,该记录按全球普查底表列为减产或部分停产。停产及变化背景见正文。,,2026-09-18
GL101,British America Nickel Corporation – Nickelton Smelter 英美镍业公司镍尔顿(Nickelton)冶炼厂(默里矿区),已拆除,底表核实年份：1924；状态始于1924年,该记录按全球普查底表列为已拆除。停产及变化背景见正文。,,2026-09-18
GL102,Sudbury Smelter (Falconbridge / Glencore Sudbury Integrated Nickel Operations) 萨德伯里冶炼厂（原Falconbridge，现Glencore萨德伯里一体化镍业务）,在产,底表核实年份：2026；状态始于2026年,该记录按全球普查底表列为在产。,,2026-09-18
GL103,Sherritt Fort Saskatchewan Metals Processing Plant 谢里特堡萨斯喀彻温精炼厂,停产(可复产),底表核实年份：2026；状态始于2026年,该记录按全球普查底表列为停产(可复产)。停产及变化背景见正文。,,2026-09-18
GL104,Thompson Refinery 汤普森精炼厂,永久关闭,底表核实年份：2018；状态始于2018年,该记录按全球普查底表列为永久关闭。停产及变化背景见正文。,,2026-09-18
GL105,Thompson Smelter 汤普森冶炼厂,永久关闭,底表核实年份：2018；状态始于2018年,该记录按全球普查底表列为永久关闭。停产及变化背景见正文。,,2026-09-18
GL106,Copper Cliff Nickel Refinery (CCNR) 铜崖镍精炼厂（羰基法）,在产,底表核实年份：2026；状态始于2026年,该记录按全球普查底表列为在产。,,2026-09-18
GL107,Long Harbour Processing Plant 朗哈伯（长港）湿法冶炼厂,在产,底表核实年份：2026；状态始于2026年,该记录按全球普查底表列为在产。,,2026-09-18
GL108,Argentia Hydrometallurgical Demonstration/Commercial Plant (proposed; superseded by Long Harbour) 阿金夏（阿真蒂亚）湿法冶炼示范/商业化项目（未按原计划建成，后被Long Harbour取代）,项目中止(未建成),底表核实年份：2003；状态始于2003年,该记录按全球普查底表列为项目中止(未建成)。停产及变化背景见正文。,,2026-09-18
GL109,Crawford Nickel-Cobalt Project & NetZero Metals Downstream Processing (planned) 克劳福德镍钴项目及NetZero Metals下游加工厂（规划中）,规划中或可研,底表核实年份：2026；状态始于2026年,该记录按全球普查底表列为规划中或可研。,,2026-09-18
GL110,"American Nickel Works, Camden, New Jersey 美国镍业公司(卡姆登镍厂，约瑟夫·沃顿创办)",永久关闭,底表核实年份：1905；状态始于1905年,该记录按全球普查底表列为永久关闭。停产及变化背景见正文。,,2026-09-18
GL111,"Orford Copper Company Refinery (Constable Hook, Bayonne, NJ) 奥福德铜业公司炼厂（新泽西州贝永市）",永久关闭,底表核实年份：1922；状态始于1922年,该记录按全球普查底表列为永久关闭。停产及变化背景见正文。,,2026-09-18
GL112,"Hanna Nickel Smelting Co. / Glenbrook Nickel Co. Smelter (Riddle, Oregon / Nickel Mountain) 汉纳镍冶炼公司/格伦布鲁克镍业公司里德尔冶炼厂（俄勒冈州镍山）",永久关闭,底表核实年份：1998；状态始于1998年,该记录按全球普查底表列为永久关闭。停产及变化背景见正文。,,2026-09-18
GL113,Westwin Elements Lawton Nickel-Cobalt Refinery (Pilot/Demonstration Plant) 西温元素公司劳顿镍钴精炼厂（中试/示范装置）,在产,底表核实年份：2026；状态始于2026年,该记录按全球普查底表列为在产。,,2026-09-18
GL114,Electra Battery Materials Nickel Sulphate Refinery (proposed) Electra电池材料公司硫酸镍精炼厂（拟建）,规划中或可研,底表核实年份：2026；状态始于2026年,该记录按全球普查底表列为规划中或可研。,,2026-09-18
GL115,Missouri Cobalt / US Strategic Metals Battery Active Materials Plant 密苏里钴业/美国战略金属公司电池活性材料厂（含镍）,在建,底表核实年份：2026；状态始于2026年,该记录按全球普查底表列为在建。,,2026-09-18
GL116,NorthMet Project Hydrometallurgical Plant (PolyMet / NewRange Copper Nickel) 北金属(NorthMet)项目湿法冶炼厂（PolyMet/新域铜镍，规划中）,规划中或可研,底表核实年份：2025；状态始于2025年,该记录按全球普查底表列为规划中或可研。,,2026-09-18
GL117,Precision Periodic Central Florida Nickel-Cobalt-Manganese Refinery (proposed) Precision Periodic佛罗里达中部镍钴锰精炼厂（拟建）,规划中或可研,底表核实年份：2026；状态始于2026年,该记录按全球普查底表列为规划中或可研。,,2026-09-18
GL118,Stillwater/Sibanye-Stillwater Columbus Base Metal Refinery (PGM by-product nickel) 斯蒂尔沃特/西班牙优山比耶-斯蒂尔沃特哥伦布贱金属精炼厂（铂族金属副产镍）,减产或部分停产,底表核实年份：2026；状态始于2026年,该记录按全球普查底表列为减产或部分停产。,,2026-09-18
GL119,"Talon Metals Beulah Minerals Processing Facility (Tamarack Project processing plant, North Dakota) — CANCELLED 塔隆金属公司北达科他州比尤拉矿物加工厂（塔马拉克项目配套设施，已放弃）",项目中止(未建成),底表核实年份：2026；状态始于2026年,该记录按全球普查底表列为项目中止(未建成)。停产及变化背景见正文。,,2026-09-18
GL120,Westwin Elements Bryan County Nickel Refinery (proposed) 西温元素公司佐治亚州布莱恩县镍精炼厂（拟议中）,规划中或可研,底表核实年份：2026；状态始于2026年,该记录按全球普查底表列为规划中或可研。,,2026-09-18
GL121,"Fenix Nickel Project (Pronico ferronickel plant / CGN mine, formerly Exmibal/Inco) 菲尼克斯镍项目（普罗尼科镍铁厂，原EXMIBAL/Inco矿）",在产,底表核实年份：2026；状态始于2026年,该记录按全球普查底表列为在产。,,2026-09-18
GL122,Nicaro Nickel Plant (Comandante René Ramos Latour) 尼卡罗镍厂（雷内·拉莫斯·拉图尔镍厂）,永久关闭,底表核实年份：2012；状态始于2012年,该记录按全球普查底表列为永久关闭。停产及变化背景见正文。,,2026-09-18
GL123,Moa Nickel S.A. – Pedro Sotto Alba Plant 莫阿镍厂（佩德罗·索托·阿尔瓦厂）,停产(可复产),底表核实年份：2026；状态始于2026年,该记录按全球普查底表列为停产(可复产)。,,2026-09-18
GL124,Ernesto Che Guevara Nickel Plant (Punta Gorda) 蓬塔戈尔达镍厂（切·格瓦拉镍厂）,减产或部分停产,底表核实年份：2026；状态始于2026年,该记录按全球普查底表列为减产或部分停产。,,2026-09-18
GL125,"Las Camariocas Plant (Comandante Camilo Cienfuegos, unfinished) 拉斯卡马里奥卡斯镍厂（卡米洛·西恩富戈斯镍厂，未完工）",项目中止(未建成),底表核实年份：2005；状态始于2005年,该记录按全球普查底表列为项目中止(未建成)。停产及变化背景见正文。,,2026-09-18
GL126,San Felipe Nickel Project (planned) 圣费利佩镍项目（规划，卡马圭省）,不详,底表核实年份：2005；状态始于2005年,该记录按全球普查底表列为不详。,,2026-09-18
GL127,Cerro Matoso Ferronickel Mine and Smelter 塞罗马托索镍铁厂,减产或部分停产,底表核实年份：2026；状态始于2026年,该记录按全球普查底表列为减产或部分停产。,,2026-09-18
GL128,Falcondo (Falconbridge Dominicana) Ferronickel Plant 法尔康多镍铁厂（博纳奥）,停产(可复产),底表核实年份：2026；状态始于2023年,该记录按全球普查底表列为停产(可复产)。停产及变化背景见正文。,,2026-09-18
GL129,Loma de Níquel Ferronickel Plant 洛马德尼克尔镍铁厂,停产(可复产),底表核实年份：2026；状态始于2015年,该记录按全球普查底表列为停产(可复产)。停产及变化背景见正文。,,2026-09-18
GL130,Morro do Níquel 莫罗镍铁厂,永久关闭,1998年关闭,1998年关闭；关闭决定的具体原因继续查档。,,2026-09-21
GL131,Companhia Níquel Tocantins (CNT) Caron Plant 托坎廷斯镍公司（尼克兰迪亚Caron氨浸厂）,永久关闭,底表核实年份：2016；状态始于2016年,该记录按全球普查底表列为永久关闭。停产及变化背景见正文。,,2026-09-18
GL132,Codemin Ferronickel Plant (Niquelândia) 科德明镍铁厂（尼克兰迪亚）,在产,底表核实年份：2026；状态始于2026年,该记录按全球普查底表列为在产。,,2026-09-18
GL133,Mineração Serra da Fortaleza (Fortaleza de Minas Nickel Matte Smelter) 福塔莱萨-德米纳斯镍厂（塞拉福塔莱萨矿业）,永久关闭,底表核实年份：2025；状态始于2013年,该记录按全球普查底表列为永久关闭。停产及变化背景见正文。,,2026-09-18
GL134,Barro Alto Ferronickel Plant 巴罗阿尔托镍铁厂,在产,底表核实年份：2026；状态始于2026年,该记录按全球普查底表列为在产。,,2026-09-18
GL135,Onça Puma Ferronickel Plant 翁萨普马镍铁厂,在产,底表核实年份：2026；状态始于2025年,该记录按全球普查底表列为在产。,,2026-09-18
GL136,Araguaia Ferronickel Project (Horizonte Minerals) 阿拉瓜亚镍铁项目,保养维护(C&M),底表核实年份：2026；状态始于2024年,该记录按全球普查底表列为保养维护(C&M)。停产及变化背景见正文。,,2026-09-18
GL138,São Miguel Paulista Electrolytic Nickel Refinery 圣米格尔保利斯塔电解镍精炼厂,停产(可复产),底表核实年份：2026；状态始于2016年,该记录按全球普查底表列为停产(可复产)。停产及变化背景见正文。,,2026-09-18
GL139,Vermelho Nickel-Cobalt Project (Horizonte Minerals) 维尔梅柳镍钴项目,项目中止(未建成),底表核实年份：2024；状态始于2024年,该记录按全球普查底表列为项目中止(未建成)。,,2026-09-18
GL140,Impala Refining Services Base Metals Refinery (Springs) 英帕拉铂业斯普林斯贱金属精炼厂,在产,底表核实年份：2025；状态始于2025年,该记录按全球普查底表列为在产。,,2026-09-18
GL141,Nkomati Nickel Mine (MMZ & PCMZ concentrators) 恩科马蒂镍矿选矿厂,保养维护(C&M),底表核实年份：2026；状态始于2021年,该记录按全球普查底表列为保养维护(C&M)。停产及变化背景见正文。,,2026-09-18
GL142,Northam Platinum Zondereinde Smelter & Base Metals Refinery 诺瑟姆铂业桑德雷恩德冶炼厂及贱金属精炼厂,在产,底表核实年份：2025；状态始于2025年,该记录按全球普查底表列为在产。,,2026-09-18
GL143,"Thakadu Nickel Sulfate Plant, Marikana 萨卡杜硫酸镍厂(马里卡纳)",在产,底表核实年份：2021；状态始于2021年,该记录按全球普查底表列为在产。,,2026-09-18
GL144,Lonmin (Sibanye-Stillwater) Base Metals Refinery 隆明(西班尼-思达伟)贱金属精炼厂,在产,底表核实年份：2025；状态始于2025年,该记录按全球普查底表列为在产。,,2026-09-18
GL145,Rustenburg Base Metals Refinery (RBMR) / Waterval Smelter Complex 鲁斯滕堡贱金属精炼厂(RBMR，含瓦特瓦尔冶炼厂),在产,底表核实年份：2026；状态始于2025年,该记录按全球普查底表列为在产。,,2026-09-18
GL146,BCL Smelter (Selebi-Phikwe Nickel-Copper Smelter) BCL塞莱比皮奎镍铜冶炼厂,永久关闭,底表核实年份：2016；状态始于2016年,该记录按全球普查底表列为永久关闭。停产及变化背景见正文。,,2026-09-18
GL147,Tati Nickel Activox Base-Metals Refinery Project 塔蒂镍业Activox贱金属精炼项目(未建成),项目中止(未建成),底表核实年份：2006；状态始于2006年,该记录按全球普查底表列为项目中止(未建成)。停产及变化背景见正文。,,2026-09-18
GL148,Kabanga Nickel Project & Kahama Hydrometallurgical Refinery (planned) 卡班加镍矿及卡哈马湿法冶金精炼厂(规划中),规划中或可研,底表核实年份：2026；状态始于2024年,该记录按全球普查底表列为规划中或可研。,,2026-09-18
GL149,Ntaka Hill Nickel-Cobalt Laterite Project 恩塔卡山镍钴红土矿项目,不详,底表核实年份：2026；状态始于2013年,该记录按全球普查底表列为不详。,,2026-09-18
GL150,"Musongati Nickel Laterite Project (planned, never built) 穆松加蒂镍红土矿项目(规划中，从未建成)",项目中止(未建成),底表核实年份：2011；状态始于2011年,该记录按全球普查底表列为项目中止(未建成)。停产及变化背景见正文。,,2026-09-18
GL151,Bou Azzer Cobalt-Nickel Complex (CTT / Managem) 布阿泽尔钴镍联合厂(CTT/曼纳吉姆),在产,底表核实年份：2026；状态始于2025年,该记录按全球普查底表列为在产。,,2026-09-18
GL152,Bindura Smelter & Refinery Complex (Bindura Nickel Corporation / Trojan Mine) 宾杜拉镍冶炼及精炼厂(宾杜拉镍业公司/特洛伊矿),停产(可复产),底表核实年份：2026；状态始于2008年,该记录按全球普查底表列为停产(可复产)。停产及变化背景见正文。,,2026-09-18
GL153,Empress Nickel Refinery (ENR) 皇后镍精炼厂,保养维护(C&M),底表核实年份：2026；状态始于2008年,该记录按全球普查底表列为保养维护(C&M)。停产及变化背景见正文。,,2026-09-18
GL154,Hartley Platinum Mine PGM Base-Metals Refinery (byproduct nickel) 哈特利铂矿铂族金属贱金属精炼厂(副产镍),不详,底表核实年份：1997；状态始于1997年,该记录按全球普查底表列为不详。停产及变化背景见正文。,,2026-09-18
GL155,Zimplats Selous Metallurgical Complex (Smelter) 津巴布韦铂业塞卢斯冶炼厂,在产,底表核实年份：2026；状态始于2025年,该记录按全球普查底表列为在产。,,2026-09-18
GL156,Western Côte d'Ivoire Nickel Laterite Prospects (Sipilou / Foungouesso / Moyango / Biankouma) — exploration/pre-development stage 科特迪瓦西部镍红土矿勘探项目群(西皮鲁/丰古埃索/莫扬戈/比安库马),不详,底表核实年份：2014；状态始于2014年,该记录按全球普查底表列为不详。,,2026-09-18
GL158,Kleva gruva 克莱瓦镍矿与历史冶炼业务,永久关闭,1919年初矿山和冶炼厂关闭,早期受镍价下跌影响于1889年停产；1914—1918年复产后于1919年初结束。,,2026-09-21
GL159,Bamble Nikkelverk 巴姆布勒镍厂,永久关闭,永久关闭；矿冶及试验活动在1919—1920年先后停止,1919年结束该轮电炉熔炼；1920年示范精炼试验结束，矿山设备拆除。,,2026-09-21
GL160,Drury Nickel Company Smelter (Chicago Mine) 德鲁里镍业公司芝加哥矿冶炼厂,已拆除,底表核实年份：1897；状态始于1897年,该记录按全球普查底表列为已拆除。停产及变化背景见正文。,,2026-09-18
GL161,Dominion Nickel Company Blezard Mine Smelter 多米尼恩镍业公司布莱扎德矿冶炼厂,已拆除,底表核实年份：1893；状态始于1893年,该记录按全球普查底表列为已拆除。停产及变化背景见正文。,,2026-09-18
GL162,Schladming-Hopfriesen Nickel Smelter (Gersdorff Nickel Works) 施拉德明-霍普夫里森镍冶炼厂(格斯多夫镍业),永久关闭,底表核实年份：1876；状态始于1876年,该记录按全球普查底表列为永久关闭。停产及变化背景见正文。,,2026-09-18
GL163,"Mond Nickel Carbonyl Experimental/Model Refinery, Smethwick 蒙德(Mond)斯梅斯维克镍羰基法实验/模型精炼厂",永久关闭,底表核实年份：1902；状态始于1902年,该记录按全球普查底表列为永久关闭。停产及变化背景见正文。,,2026-09-18
GL164,Vale Bécancour Nickel Sulphate Plant (Vale Base Metals Nickel Sulphate Project) 淡水河谷贝坎库尔硫酸镍厂,项目中止(未建成),底表核实年份：2025；状态始于2025年,该记录按全球普查底表列为项目中止(未建成)。停产及变化背景见正文。,,2026-09-18
GL165,Wyloo Sudbury Battery Materials Processing Facility 怀洛(Wyloo)萨德伯里电池材料加工厂,规划中或可研,底表核实年份：2026；状态始于2024年,该记录按全球普查底表列为规划中或可研。,,2026-09-18
GL166,Ferronickel Kombinat Ertis LLP (ТОО «Ферроникелевый комбинат «Ертіс»）／ Ferronickel Plant Ertis LLP 额尔齐斯(Ertis)铁镍联合企业有限公司（存疑，或为集团内部筹备型壳公司）,规划中或可研,底表核实年份：2026；状态始于2026年,该记录按全球普查底表列为规划中或可研。,,2026-09-18
CN001,扬州一川镍业有限公司,停产（2024年记录）,2024年全年；2025年名单披露,环境主管部门明确记载2024年全年停产；后续是否复产尚无新记录。,镍铁合金:停产,2026-09-23
CN002,宿迁翔翔实业有限公司,状态待核（交易对手记录）,2015资料,招股书只证明其曾参与产业链交易，不能推定其仅为贸易主体，也不能确认有冶炼装置。,,2026-09-21
CN003,连云港海赣科技有限公司,预重整中，状态待核,2026,法院公开预重整/招募信息；不能据此推定停产，亦未找到当前运行证明。,,2026-09-21
CN004,连云港科创不锈钢新材料有限公司,状态待核（原料出售信息）,历史资料,精炼镍精矿出售只能证明一次原料交易，不能推定其仅为贸易主体或具有镍铁熔炼能力。,,2026-09-21
CN005,江苏德龙镍业有限公司,重整中，状态待核,2024-2026,法院重整及招募投资人只能证明程序仍在进行，不能推定停产；亦未找到可直接证明恢复生产的材料。,,2026-09-21
CN006,赣榆县金成镍业有限公司,状态待核（2019历史统计）,2019,仅有行业历史统计，未找到近期环评、排污许可或生产资料。,,2026-09-21
CN007,连云港天乙金属制品有限公司,状态待核（2019历史统计）,2019,仅有历史EF统计，不能据此确认现行生产。,,2026-09-21
CN008,江苏宝通镍业有限公司,停产,历史停产；2024年重整报道,原镍铁业务停产，重整方案拟转向临港化工配套服务。,高镍生铁:历史停产,2026-09-23
CN009,荣阳钢铁,已退出炼铁（产能置换）,2019资料,资料证明450m³高炉炼铁产能作为退出方置换；这是普通炼铁而非镍铁在产证据。,,2026-09-21
CN010,营口宁丰镁业（宁丰集团）,状态待核（2019试产）,2019,一台炉点火试产、另一台检修均为2019年资料，未发现较新运行资料。,,2026-09-21
CN011,辽宁晟运实业有限公司,状态待核,2019资料,安全评价可证明历史冶炼车间，铸造扩建不等于镍铁线当前运行。,,2026-09-21
CN012,营口广大实业有限公司,状态待核,2020资料,重污染天气名单只证明企业被纳入管理，未载产品、炉型或开工状态。,,2026-09-21
CN013,光大冶金发展（大连）有限公司,运行状态待核,2011,奠基报道披露的是规划指标；未找到验收、排污许可或生产证明。 现有资料只描述当年的规划或建设，尚不能确定之后是否建成、取消或转作其他用途。,,2026-09-21
CN014,辽宁宝铂科技有限公司,状态待核（名称待核）,2019,历史表写作“宝珀”，与索引“宝铂”未完成法人、地址或信用代码核验，不能串厂。,,2026-09-21
CN015,朝阳昊天有色金属有限公司-朝阳利鑫有色金属有限公司（北方兄弟）,状态待核（双法人）,2019,仅朝阳昊天见历史EF表，未证明与朝阳利鑫为同一厂或共同运行。,,2026-09-21
CN016,海城市腾发耐火材料有限公司,状态待核（2019历史统计）,2019,耐火材料企业名与历史EF统计不足以确认现况。,,2026-09-21
CN017,凌源市瑞丰铸造有限公司,状态待核,2012-2014资料,仅见气体设备交易往来，且主体为铸造企业，无法推出镍铁生产。,,2026-09-21
CN018,辽宁垚鑫铸业有限公司,状态待核,2021记录,地方大事记仅记录企业名称，未提供产品或运行状态。,,2026-09-21
CN019,鞍山旭辰耐火材料有限公司,状态待核（名称待核）,2019,“旭晨/旭辰”一字差异尚未核验法人，历史统计不能作现况结论。,,2026-09-21
CN020,辽宁国润金属集团,已转产（2026报道）,2026,地方报道明确公司由铁合金转向电熔镁；不能把现有镁产品算作镍铁在产。,,2026-09-21
CN021,锦州市鑫泽锰业有限公司（义县应盛金属实业有限公司）,状态待核（不可串厂）,2019,化德“鑫泽镍业”与锦州鑫泽锰业/义县应盛地域及法人不同，不能合并判断。,,2026-09-21
CN022,锦州鑫雨铁合金,状态待核（非镍铁证据）,2021,司法和节能材料证明铁合金历史活动/改造范围，未证明镍铁或当前开工。,,2026-09-21
CN023,山东鑫海科技有限公司,历史已投产,2014-2017,上交所披露的2017年债券募集说明书明确记载发行人为镍铁合金生产企业，并披露2014—2016年产量、销量及2017年一季度经营情况；该证据支持历史实产，不用于判断当前开工。,,2026-09-21
CN024,临沂金海汇科技有限公司,运行状态待核,2018,仅见RKEF规划及园区信息，未见验收或投产材料。 现有资料只描述当年的规划或建设，尚不能确定之后是否建成、取消或转作其他用途。,,2026-09-21
CN025,茌平爱得信新材料有限公司,状态待核（2019历史统计）,2019,仅有历史EF表，无近期运行证据。,,2026-09-21
CN026,日照铸福,已投产（2026报道）,2026,近期报道显示其短流程铸铁/球墨铸管业务；并非镍铁项目。,,2026-09-21
CN027,沾化县炜烨镍业有限公司,状态待核（历史生产）,历史资料,曾有炉数、供太钢和副产渣利用资料，但未找到近年运行证明。,,2026-09-21
CN028,山西曲沃县三鑫铸造有限公司,状态待核,2026,曲沃产业环境不能代替三鑫铸造自身的镍铁设备或生产证明。,,2026-09-21
CN029,青州天泰德隆冶金科技有限公司,状态待核（铸造生铁历史）,历史资料,公开年鉴为铸造生铁，不应转写为镍铁在产。,,2026-09-21
CN030,冠县顺丰金属制品有限公司,状态待核（同名风险）,历史资料,仅见同名企业目录，缺乏统一信用代码、厂址和镍铁活动对应。,,2026-09-21
CN031,福建联德镍铁合金,已投产（2024年记录）,2024-04,仅覆盖现场检查时点。,镍合金:运行,2026-09-23
CN032,福建鼎信实业有限公司,历史已投产,2017-01（2024年文件记载）,未取得近期生产记录；2025年VOD为获批技改。,精制镍合金:历史投产记录,2026-09-23
CN033,宝钢德盛不锈钢有限公司,已投产（2025资料）,企业产品介绍（未注明资料年份）,宝钢体系不锈钢基地持续披露；现行产品应按不锈钢全流程理解。,,2026-09-21
CN034,五洲镍业有限公司/化德县五洲钢业有限公司,已转产（2019资料）,2019-2023,公开资料明确33000kVA镍铁炉改产硅锰，后续能效表亦列硅锰企业。,,2026-09-21
CN035,内蒙古察右前旗鑫扬冶金化工有限公司,状态待核（名称对应待核）,2007-2019,国家准入为冶金化工，历史表“鑫扬冶化/福鑫”未完成法人对应。,,2026-09-21
CN036,内蒙古商都县永鑫公司（原瑞泰冶金）,状态待核（名称对应未核）,2021资料,炉装名录中瑞泰/永鑫与盛源钛硅的名称关系未获法人沿革证明，不能确认已转产。,,2026-09-21
CN037,内蒙古硕丰实业有限公司,已转产（铬铁，2021投产）,2020-2023,官网明确原镍铁炉升级为全密闭铬铁炉，2021年两炉投产；镍铁应标为历史业务。,,2026-09-21
CN038,内蒙古上泰实业有限公司,状态待核,企业介绍未注明年份,企业介绍称RKEF+AOD全流程，但无近期官方运行证据。,,2026-09-21
CN039,内蒙古商都县中建金马冶金化工有限公司,状态待核（历史设备淘汰）,历史淘汰资料,两台12500kVA镍铁炉列入淘汰，不能外推为整厂永久关闭；与内蒙古鑫金马新材料亦不能自动合并。,,2026-09-21
CN040,内蒙古天润特种铁合金有限公司,状态待核（2019历史统计）,2019,仅有历史EF统计。,,2026-09-21
CN041,内蒙古隆盛特钢有限公司,状态待核（历史镍铁）,2014文件,国家节能文件只可证实曾有镍铁业务，无法判断现况。,,2026-09-21
CN042,内蒙古和谊镍铬复合材料有限公司,已停产（2025资料）,2024-2025,合作公告称四条线于2025年底停产；2024年已有镍铁炉改铬铁炉备案。停产与转产计划并存，未把计划写成已转产。,,2026-09-21
CN043,化德县嘉铭钢业有限公司,状态待核,无可靠时间,正文与来源仅为目录线索，未找到可核验运行资料。,,2026-09-21
CN044,内蒙古察右前旗辰东化工有限责任公司,已停产（2011资料）,2011,国家文件标注2011年停产；资料年代较旧，未找到复产证据。,,2026-09-21
CN045,瑞泰冶金有限公司,状态待核（名称线索）,2019,瑞泰名称与周边企业沿革未完成法人核对。,,2026-09-21
CN046,瑞泰,状态待核（简称）,无可靠时间,“瑞泰”为简称，无法在不串厂的前提下确认法人及状态。,,2026-09-21
CN047,化德县中泰镍铁有限公司,运行状态待核,2017,报道为高碳铬铁项目建设，不能写为已投产或现行镍铁。 现有资料只描述当年的规划或建设，尚不能确定之后是否建成、取消或转作其他用途。,,2026-09-21
CN048,化德县鑫泽镍业有限公司,状态待核（历史项目）,2017,仅有历史行业线索，未发现后续法人或生产材料。,,2026-09-21
CN049,化德县同盛铁合金有限公司(昌盛泰),状态待核（历史项目）,2019,仅见历史铁合金/镍铁名称。,,2026-09-21
CN050,永盛铁合金,状态待核,2014文件,国家节能文件不能单独确定“永盛铁合金”所属法人或运行状态。,,2026-09-21
CN051,光达冶金（烨兆）,状态待核（部分设备淘汰）,2011,光达冶金两台硅锰炉列入淘汰，仅证明部分落后设备退出；“烨兆”与光达关系未核实，也没有整厂关闭证据。,,2026-09-21
CN052,化德县鑫盛铁合金有限公司,状态待核（设备采购线索）,2021-2023,上市文件仅证明其为设备终端客户，未披露设备用途、产品或开工状态。,,2026-09-21
CN053,唐山凯源实业有限公司,历史已投产（2018安全验收）,2018后,1-2号及后续生产线安全设施验收完成，证明项目已投产；未找到近年开工率资料。,,2026-09-21
CN054,唐山腾达科技有限公司,状态待核（手续问题）,2016,督察确认项目产能替代手续存在问题，但这不能证明停产、投产或永久关闭；未见后续合规生产材料。,,2026-09-21
CN055,丰润区长明不锈钢制品厂,状态待核,无可靠时间,仅有不锈钢制品厂名称，未有镍铁生产证据。,,2026-09-21
CN056,河北春风铸造有限责任公司,已投产（主营铸造）,企业资料,主营球墨铸铁和汽车铸件，不能因目录归类写为镍铁厂。,,2026-09-21
CN057,偏关县晋电化工有限责任公司,状态待核（2024延伸规划）,2024,官网列镍铁产品、政府报告称拟延伸合金材料；规划不等于镍铁线当前运行。,,2026-09-21
CN058,山西众泰陆洋冶炼实业有限公司,状态待核（2016-2019报价）,2016-2019,报价记录只能证明历史销售，未见近期运行材料。,,2026-09-21
CN059,山西达康集团,已关闭（行业项目资料）,2023资料,Wood Mackenzie项目条目明确标为closed；公开摘要未给精确停产日，仍以行业项目状态记录。,,2026-09-21
CN060,河南省煜晟镍业有限责任公司,状态待核（2022监测报告）,2021-2022,环境监测报告证明工艺与设计规模，重点排污名录不等于当前开工。,,2026-09-21
CN061,福佳不锈钢制品有限公司,状态待核,无可靠时间,仅为目录收录名称，未找到可核验镍铁或生产资料。,,2026-09-21
CN062,河南宝泰盛商贸有限公司,已停炉改造（2018-2019资料）,2018-2019,报告明确2018年12月停炉改造、2019年资金不足且年内难恢复；未找到之后复产证据。,,2026-09-21
CN063,阳江翌川金属科技有限公司,历史已投产（历史项目资料）,2013-2019,企业与行业资料显示其为RKEF历史项目；标准起草单位身份不作为当前生产证据，未找到近年具体产线运行材料。,,2026-09-21
CN064,广东世纪青山镍业有限公司,历史已投产,2012,世纪青山项目介绍记载其于2012年建成投产。2026年阳江市政府仍有企业走访记录，但报道没有列出具体镍合金生产线的开工情况；本条保留历史投产状态。,,2026-09-21
CN065,广东广青金属科技有限公司,历史已投产,2010-2021,广东生态环境公开的深加工环评对前期镍合金厂、一炼厂、还原炉系统及100万吨不锈钢坯配套作既有工程描述，支持历史项目已经形成生产体系；招聘不作为具体炉生产证据，未断言当前镍合金炉况。,,2026-09-21
CN066,中金金属科技有限公司,炼铁装置已复产,2024年1月复产；2026年技术论文,柳钢中金技术人员撰写的开炉记录显示，第一炼铁厂1号高炉于2023年11月13日停炉大修，2024年1月25日点火复产，随后恢复正常生产水平。此次采用普通铁矿配料开炉，文章讨论了普铁与镍铁开炉的差异；因此，这一记录确认炼铁装置复产，不代表当期产物全部为镍铁。,第一炼铁厂1号高炉:检修后复产；采用普铁开炉,2026-09-21
CN067,广西戎鑫达资源有限公司,状态待核（2017检修）,2017-2019,高炉2017年检修完成且2019年仍在重点排污名录，但没有新近运行资料。,,2026-09-21
CN068,广西金源镍业有限公司,已破产倒闭,2025-04,不据此反推规划产线曾投产。,镍合金项目:状态终止，未核实曾投产,2026-09-23
CN069,北海诚德镍业有限公司,已投产（2025资料）,2024-2025,北海诚德为北港新材料前身；2025年应急部案例涉及其高炉喷煤车间，支持当前全流程生产。,,2026-09-21
CN070,广西龙州中恒万华实业有限公司,状态待核（2017转产）,2017-2024,2017年曾由生铁转产低镍生铁；2024政府报告仍列企业但未说明高炉当前开工，不能判为在产。,,2026-09-21
CN071,连云港华乐合金,历史已投产,2025,2025技改材料以既有钢水能力为前提，最多证明该既有能力的历史存在；环评/技改本身不作为当前开工证明。,含镍生铁:historical；不锈钢粗钢:historical；热轧带钢:historical,2026-09-21
CN072,山东临港有色金属有限公司（盛阳）,运行状态待核,2023,债券报告称两条RKEF已建成，但未披露运行或产销量，不能据“建成”判定在产。,镍铁（RKEF）:unknown,2026-09-21
CN073,中亿金属科技有限公司（亿利达钢铁）,运行状态待核,2024,行业名录及债权处置仅证明历史制造/债务线索，未证明中亿金属当前生产，也不能将其与亿利达集团视为同一法人。,镍铁（历史名录）:unknown,2026-09-21
CN074,福建青拓镍业有限公司,历史已投产,2023,省工信厅审查确认既有镍铁合金高炉、烧结和精炼相关改造；这证明已有装置和改造记录，未发现同一文件的当期产销。,镍铁合金:historical,2026-09-21
CN075,河南鑫金汇特钢有限公司,运行状态待核,2025,环评获批的是河南鑫金汇不锈钢有限公司的工艺优化，名称与索引主体不同；审批不能证明产线投产。,不锈钢（拟优化项目）:unknown,2026-09-21
CN076,内蒙古和谊镍铬复合材料有限公司(租给万汇) 和恒,运行状态待核,2026,这是历史租赁/名称档案；对外合作线索不证明原厂、承租方或具体炉线当前生产。,,2026-09-21
CN077,亿晨镍铬合金（临沂钢投）,运行状态待核,2023,破产重整记录不能自动推定整厂已停产或复产；未发现该项目/炉线的近期运行披露。,镍铬合金（历史项目）:unknown,2026-09-21
CN078,奈曼经安有限公司,已投产（分期建设）,2022—2024-01,2022年5条线投产；2024年披露18条线建成。未据此推定18条线同时生产。,镍铁合金:分阶段投产,2026-09-23
CN079,大连富力镍基合金新材料有限公司,运行状态待核,2015,90万吨项目只见2015年投资框架协议；未找到近期续建、竣工或产销，不将旧规划标为当前规划中。,镍基新材料（规划）:unknown,2026-09-21
CN080,湖南中伟新材料有限公司,历史已投产,2021,中伟披露宁乡为材料制造研发基地并发布基地技改扩建信息，证明2021年前后基地已有生产活动；未找到近期单线产销。,镍钴原料回收:historical；前驱体:historical,2026-09-21
CN081,浙江华友钴业股份有限公司,集团／基地总览,2024,本条为华友集团总览而非单一中国生产厂。集团有中国制造资产，但总部/集团条目不对应单一镍盐产线，按集团经营主体处理。,,2026-09-21
CN082,荆门市格林美新材料有限公司 荆门格林美,已投产,2024,格林美2024年公告显示荆门电积镍完成上期所注册，直接支持该基地金属镍生产运营。,电积镍:operating；镍钴盐:operating；前驱体:operating,2026-09-21
CN083,金川集团镍盐有限公司,已投产,2024,金川产销目录列示镍盐公司产品，结合集团持续冶炼业务可支持该化工环节运营。,镍盐:operating,2026-09-21
CN084,宁波长江能源科技有限公司,运行状态待核,—,登记和环评说明拟/许可产品，未找到竣工验收、近期产销或运行披露。,硫酸镍:unknown；硫酸钴:unknown；氯化镍:unknown；硝酸镍（申报）:unknown,2026-09-21
CN085,湖南邦普循环科技有限公司,已投产,2024,湖南工信厅2024年介绍邦普宁乡基地，支持其回收与材料制造业务持续运营。,电池回收:operating；镍钴盐:operating；前驱体:operating,2026-09-21
CN086,广东佳纳能源科技有限公司,历史已投产,2021,道氏年度报告将佳纳纳入镍钴材料业务，证明2021年经营活动；证据未覆盖某一条盐线的近期产量。,电池级镍钴盐:historical；三元前驱体:historical,2026-09-21
CN087,中冶瑞木新能源科技有限公司,历史已投产,2018,中国中冶2018年披露项目投产；五矿新能2025年管理关系调整仅证实主体延续，未直接证明当前产线运行。,新能源材料:historical,2026-09-21
CN088,"Guangxi Yinyi New Materials Co., Ltd. 广西银亿新材料有限公司",已投产（2024年记录）,2024年前三季度,后续实际运行待核。,硫酸镍:在产,2026-09-23
CN089,广东芳源新材料集团股份有限公司 芳源股份,已投产,2024,芳源2024年年报披露镍钴湿法及材料经营，支持公司运营。,镍钴盐:operating；高镍前驱体材料:operating,2026-09-21
CN090,广西智亮新材料股份有限公司,运行状态待核,2022,仅见项目环评，未找到验收、产销或持续运行披露。,新能源材料（项目）:unknown,2026-09-21
CN091,金柯有色金属有限公司,已投产,2024,金川2020年产线贯通；2024省级产销目录仍列相关产品，支持镍盐线持续经营。,硫酸镍:operating；氯化镍:operating,2026-09-21
CN092,"Tianjin Maolian Technology Co., Ltd. 天津市茂联科技有限公司",已停产,2024–2026,合纵科技2025年审计报告明确：天津茂联2024年4月技改后因资金短缺停工停产，至报告批准报出日未复产。,镍钴盐:halted；金属镍:halted,2026-09-23
CN093,江门市长优实业有限公司,历史已投产,2019,官网列示产品，搬迁扩改环评显示2019年既有硫酸镍工艺调整；旧督察问题不等于目前停产，但近期产销仍待补。,硫酸镍/钴:historical；氯化镍:historical；氢氧化镍:historical；前驱体:historical,2026-09-21
CN094,"Jilin Jien Nickel Industry Co., Ltd. 吉林吉恩镍业股份有限公司",运行状态待核,2020,2018终止上市和2020年报均不能单独证明红旗岭具体镍盐线目前运行或已关闭，故不以退市/重整推断状态。,镍冶炼:unknown；镍盐（历史）:unknown,2026-09-21
CN095,眉山顺应动力电池材料有限公司,已投产（硫酸镍）,2024-11,三元前驱体线及四氧化三钴线分别需以验收或产量核验。,硫酸镍:运行,2026-09-23
CN096,赣州吉锐新能源科技有限公司（江西力道）,运行状态待核,2019–2025,官网确认2019收购力道；改扩建公示为设计审批，未找到明确的近期验收或单厂产销，故不据经营范围判在产。,硫酸镍:unknown；硫酸钴:unknown；硫酸锰:unknown；碳酸锂（设计）:unknown,2026-09-21
CN097,万华化学电池产业公司,运行状态待核,—,电池级硫酸盐扩能技改属于环评项目；未找到现有装置的验收或产销量。,镍钴锰硫酸盐（扩能项目）:unknown,2026-09-21
CN098,赣州腾远钴业新材料股份有限公司 腾远钴业,已投产,2024,腾远钴业2024年报摘要支持公司持续经营；不把集团湿法能力直接换算为单一镍盐产能。,钴铜湿法产品:operating；镍锂材料:operating,2026-09-21
CN099,浙江路加新能源有限公司,运行状态待核,2025,安全评价线索未厘清“浙江路加新能源”与临海“浙江路加新材料”的法人及生产关系。,镍盐（待核法人）:unknown,2026-09-21
CN100,"Chizhou CN Material New Materials Technology Co., Ltd. 池州西恩新材料科技有限公司",运行状态待核,2022,招股书可说明上海西恩体系及资源循环业务，未直接证明池州子公司当期生产。,镍盐（资源循环）:unknown,2026-09-21
CN101,"Zhejiang New Era Zhongneng Technology Co., Ltd. 浙江新时代中能循环科技有限公司",历史已投产,2022,项目由浙江聚合变更为新时代中能并于2022年11月自主验收，证明当时已投运；未找到更近产销。,硫酸镍:historical；钴/镍/铜/锰循环产品:historical,2026-09-21
CN102,广东威玛新材料股份有限公司 广东威玛,已投产,2025,迪生力2025年报披露广东威玛生产经营信息，构成较新的同一公司运营证据；不外推为全部新增设备已投产。,锂电池回收:operating；有价金属材料:operating,2026-09-21
CN103,福建常青新能源科技有限公司,已投产,2025,2025公司接待巴斯夫参观时展示退役电池拆解、破碎线及环保设施运行，推翻仅按2024计划投产的旧判断；不把规划产能视作实际产量。,电池回收:operating；硫酸镍/钴溶液:operating；前驱体:operating,2026-09-21
CN104,"Yantai Kaishi Industry Co., Ltd. 烟台凯实工业有限公司",运行状态待核,—,公司介绍描述沿革与产品体系，未给出可核验的近期运行或产销量。,镍钴盐:unknown；电积金属（介绍）:unknown,2026-09-21
CN105,河南科隆新能源股份有限公司,运行状态待核,2022,申报/发行材料证明业务范围，未找到近期单厂镍盐或金属原料生产状态。,电池材料及金属原料:unknown,2026-09-21
CN106,湖南金驰能源材料有限公司,运行状态待核,2025,五矿新能披露的是集团管理关系；没有明确湖南金驰单厂镍钴加工或回收线的近期运行证据。,电池材料配套（待核单厂）:unknown,2026-09-21
CN107,浙江三晟化工有限公司,运行状态待核,2021,2021年报仅为历史线索，未找到近期运行披露。,镍钴化学品:unknown,2026-09-21
CN108,江西睿达环保有限公司,运行状态待核,2023,清洁生产公示包含实际原料和污染治理信息，但没有明确发布日期/验收与近期产销，谨慎保留未知。,粗氢氧化镍/钴:unknown；碳酸镍/钴:unknown；硫酸镍/钴:unknown,2026-09-21
CN109,陕西聚泰新材料科技有限公司,已投产,2026,2026采访明确称陕西聚泰将含镍钴废料加工为电池级硫酸镍，直接支持该陕西厂生产；不与浙江聚泰项目混同。,电池级硫酸镍:operating；硫酸钴:operating；氯化钴:operating,2026-09-21
CN110,肇庆市金晟金属实业有限公司,运行状态待核,2021,肇庆厂电池级硫酸镍技改仍是环评口径；集团官网多基地信息不能下推为肇庆单线已投产。,电池级硫酸镍（技改）:unknown；硫酸钴（调整）:unknown,2026-09-21
CN111,"Jiangxi Province Guangde Environmental Protection Technology Co., Ltd. 江西省广德环保科技股份有限公司",已投产,2024,广德环保2024年审计年报披露硫酸镍、电积镍等产品生产销售、营业收入及产能项目已竣工投入使用，直接支持运营。,电池级硫酸镍:operating；电积镍:operating；电池级硫酸钴:operating；电积铜:operating；碱式碳酸镍:operating,2026-09-21
CN112,上海格派镍钴能源技术集团有限公司,集团／基地总览,2025,上海为集团研发运营总部；生产基地在浙江、广西等地。因此将此上海总部档案标为集团经营/销售主体，不虚构上海镍盐产线。,镍钴精炼加工销售（集团）:trader,2026-09-21
CN113,辽宁华信钴业科技有限公司,运行状态待核,—,只有项目线索，未找到正式验收、年报、排污许可或近期产销。,新能源材料及金属盐（线索）:unknown,2026-09-21
CN114,湖北长宸锂能循环科技有限公司,运行状态待核,2023,只有2023年姚家港技改建设方案，未找到近期续建、竣工验收或产品销售证据；不将旧建设纪录标为当前建设中。,镍钴溶液:unknown；碳酸锂:unknown；资源综合回收产品（技改）:unknown,2026-09-21
CN115,全南县瑞隆科技有限公司,运行状态待核,2023,年处理废锂电池极片项目处于拟受理环评阶段，不能以设计产品判断投产。,金属盐:unknown；电积铜（项目）:unknown,2026-09-21
CN116,湖南金源新材料股份有限公司,运行状态待核,2018,公开披露设立循环利用子公司，但未找到近期厂级镍盐运行或停产公告。,镍钴资源循环:未知,2026-09-21
CN117,余姚市环科再生资源有限公司,运行状态待核,2021,仅见期货研究样本列名，未找到公司或监管部门近期生产证据。,硫酸镍:未知,2026-09-21
CN118,江西自立环保科技有限公司,已投产,2025,生态环境部资料确认其为多金属综合利用企业；2025年地方报道仍见生产线运行。,铜、锌、锡、镍等回收产品:在产,2026-09-21
CN119,启东市北新无机化工有限公司,运行状态待核,2020,技术需求文件列有硫酸镍、硫酸钴，但未找到近期投产或停产证据。,硫酸镍、硫酸钴:未知,2026-09-21
CN120,桑顿新能源科技有限公司,运行状态待核,2011,公开资料确认三元正极、电池业务，但未确认硫酸镍生产线。,三元正极材料、电池:未知,2026-09-21
CN121,南通新玮镍钴科技发展有限公司,运行状态待核,2025-11,2025年技改方案获批；竣工及各产品实际运行时间仍待补充。,硫酸镍:获批取消，实际停产日期未披露；碳酸镍、高纯镍板:获批新增，实际投产待核,2026-09-23
CN122,吉林亚融科技股份有限公司,运行状态待核,2023,法院公告确认2023年受理破产清算，并称其子公司项目“停摆”；但未明确证明母公司现有生产线已停止，按规则保留unknown。,球形氢氧化镍、三元正极材料:未知,2026-09-21
CN123,浙江升阳再生资源科技股份有限公司,已投产,2024,地方报道实地描述浸出、除杂、铜萃、镍萃生产流程，且2023年已研发电池级硫酸镍溶液。,硫酸镍、碳酸镍、电解镍、铜:在产,2026-09-21
CN124,宁波华吉新材料科技有限公司,供货主体（自产待核）,2018,帕瓦招股书将其列为液体硫酸镍供应商，并披露双方采购框架合同。该记录确认供货关系，未说明货物全部来自自有产线还是外购转售。,液体硫酸镍:已见供货记录；自产情况待核,2026-09-21
CN125,广东飞南资源利用股份有限公司,集团／基地总览,2025,集团总览条目。年报披露集团多金属资源循环和镍产品方向，但不对应单一镍厂；具体江西、广西基地应分别判断。,,2026-09-21
CN126,浙江天能新材料有限公司,运行状态待核,2018,公开资料确认退役动力电池梯次利用与回收方向，未见近期镍线运行文件。,镍钴锰锂回收产品:未知,2026-09-21
CN127,广东光华科技股份有限公司,已投产,2024年报,公司年报及官网持续披露锂电材料、资源循环和高纯化学品业务。,高纯镍化学品、锂电材料:在产,2026-09-21
CN128,阳江市绿森工贸有限公司,运行状态待核,2017,公开登记显示电镀和材料处理业务，未找到近期镍盐生产或停产证据。,电镀材料:未知,2026-09-21
CN129,上饶市鼎鑫金属化工有限公司,运行状态待核,2023,安全评价和环保资料显示项目方向为镍钴锰锂回收，但未找到验收后连续生产证据。,镍钴锰锂回收产品:未知,2026-09-21
CN130,赣州市豪鹏科技有限公司,已投产,2025,厦钨年报和赣州政府资料确认豪鹏为电池资源循环主体，纳入厦钨新能控制后仍有业务披露。,镍、钴、锂回收产品:在产,2026-09-21
CN131,包头锐博新能源材料有限公司,历史已投产,2021年9月现场走访,2021年9月的现场走访进入包头锐博生产车间，记录其电池级高纯镍钴盐加工业务。官网延续介绍湿法冶金和金属盐产品；近期具体产线的运行情况尚需更新。,镍钴盐:历史已投产,2026-09-21
CN132,大连瑞源动力股份有限公司,运行状态待核,2023,公开资料列三元前驱体、正极材料和回收业务，未找到镍盐车间近期状态。,三元前驱体、镍钴锰盐:未知,2026-09-21
CN133,江西江钨钴业有限公司,运行状态待核,2021,2021年地方产业规划仅将江钨钴业列为钴镍冶炼主体，未提供近期生产或停产证据，不能据此标在产。,钴镍冶炼产品:未知,2026-09-21
CN134,江西赣峰锂业,运行状态待核,2020,政府和公司资料涉及锂电材料，但名称与赣锋锂业及其他法人存在混淆。,锂电材料:未知,2026-09-21
CN135,贵州鹏程新材料有限公司,历史已投产,2023,铜仁政府报道确认鹏程与长虹格润回收业务整合，产品含镍钴锰盐。,镍钴锰盐、碳酸锂:历史生产记录,2026-09-21
CN136,山西正兴有色金属有限公司,运行状态待核,2005,仅有工商主体资料，未找到镍产品、生产许可或近期运行证据。,有色金属（未细分）:未知,2026-09-21
CN137,江西天奇金泰阁钴业有限公司,已投产,2025,天奇2025年年报及资产组减值测试仍将金泰阁作为资源循环核心资产。,镍钴盐及电池回收产品:在产,2026-09-21
CN138,蜀矿环锂科技公司,运行状态待核,2023,仅见行业报道和采购公告，未找到企业近期生产或环评验收状态。,硫酸镍、硫酸钴、碳酸锂:未知,2026-09-21
CN139,盛屯矿业,集团／基地总览,2025,盛屯为集团总览条目，官网和年报确认有色金属资源、冶炼和材料业务；具体镍工厂应由贵州盛屯等项目条目承载，不能把集团本身标为在产工厂。,,2026-09-21
CN140,韶关中弘金属实业有限公司,历史已投产,2021,2021年公告和年报确认威玛承接资产及一期运行；本轮未找到更近期独立生产证据，标为历史已投产。,镍钴盐:历史已投产,2026-09-21
CN141,宁波容百新能源科技股份有限公司,历史已投产,2023,容百年报和项目环评持续披露正极材料、前驱体及原料加工基地。 该主体主要是三元前驱体/正极材料下游生产企业，硫酸镍属于采购或投入原料，不能据此认定其拥有独立硫酸镍厂。,三元前驱体、镍钴材料:历史生产记录,2026-09-21
CN142,江苏领先再生资源科技有限公司,运行状态待核,2009,历史公开转让说明书列硫酸镍经营范围，但未找到近期生产证据。,硫酸镍、电解铜:未知,2026-09-21
CN143,浙江帕瓦新能源股份有限公司,部分停产,2025年末情况；2026年7月问询回复,帕瓦2026年7月的年报问询回复区分了两组装置：原有自建三元前驱体项目截至2025年末已停产、资产闲置，募集资金建设的前驱体项目仍保持生产。因此，公司应按部分停产记录。硫酸镍是前驱体的投入原料，这份披露并不代表帕瓦另有独立硫酸镍冶炼厂。,原自建三元前驱体项目:停产、资产闲置；募投三元前驱体项目:保持生产,2026-09-21
CN144,宜宾光原锂电材料有限公司,已投产,2025,宜宾锂宝环境信息及集团页面持续披露三元前驱体基地。 该主体主要是三元前驱体/正极材料下游生产企业，硫酸镍属于采购或投入原料，不能据此认定其拥有独立硫酸镍厂。,三元前驱体、镍钴锰盐:在产,2026-09-21
CN145,盐城星创资源循环利用有限公司,运行状态待核,2018,项目申报材料显示资源循环方向，未找到近期验收或生产公告。,资源循环产品:未知,2026-09-21
CN146,华泽钴镍材料股份有限公司,历史生产线停产,2016年情况；2017年财务顾问报告,财务顾问2017年发布的持续督导报告记载，陕西华泽已停产拆迁，平安鑫海的硫酸镍生产线也已停产。这些是具体生产装置的历史停运记录，不能与名称相近但法人不同的广西、江西条目合并。,陕西华泽旧厂:停产拆迁；平安鑫海硫酸镍线:停产,2026-09-21
CN147,余姚市鑫和电池材料有限公司,运行状态待核,2016,工商与专利资料确认镍钴材料和回收方向，未见近期生产公告。,镍钴材料:未知,2026-09-21
CN148,新乡超能电源有限公司（新乡帝龙）,运行状态待核,不详,目录仅保留“新乡超能/新乡帝龙”名称，缺少可核验企业和工厂来源。,电池材料（未细分）:未知,2026-09-21
CN149,浙江伟明盛青能源新材料有限公司 伟明盛青,已投产,2025,伟明环保2025年年报披露温州伟明盛青一期电积镍稳定生产、二期调试；应拆分产品线，不把二期调试写成全厂未投产。,一期电积镍:在产；二期电积镍:调试,2026-09-21
CN150,湖南金凯循环科技股份有限公司,已投产,2026年企业负责人访谈,耒阳二期环评及2026年行业采访显示金凯循环处理废旧电池并回收镍钴锰锂。,镍钴锰锂回收产品:在产,2026-09-21
CN151,湖北睿勤新能源科技有限公司,已投产,2024,项目报道出现产品下线，地方报道确认湖北睿勤为在勤实业回收基地。,镍钴锰锂回收产品:在产,2026-09-21
CN152,贵州星茂新材料有限公司,试生产（镍钴车间）,2025-02至2025-04报道时,二期及商业化达产状态待核。,硫酸镍:试生产；氧化钴、碳酸钴:试生产,2026-09-23
CN153,金川集团股份有限公司 金昌纯镍产线,已投产,2025年5月；2026年7月现场报道,金川镍冶炼厂的闪速熔炼、顶吹及镍电解车间有实际运行披露，2026年7月现场报道继续记录电解镍加工与发运。,,2026-09-21
CN154,"GEM Co., Ltd. 格林美股份有限公司",集团／基地总览,生产工厂见荆门项目,格林美集团入口，电积镍生产主体为荆门市格林美新材料有限公司，不把集团总部另计为工厂。,,2026-09-21
CN155,Guangxi Huayou 广西华友新材料有限公司 广西华友,已投产,2023年12月验收；2024年生产披露,广西华友既有电积镍项目已通过自主验收，2024年公司披露电解镍产线投产后的工艺改进及产品销售。后续新增高纯电镍项目按扩建线另列。,,2026-09-21
CN156,Quzhou Huayou 衢州华友钴新材料有限公司 衢州华友,已投产,2024年6月分期生产披露,衢州华友一期和二期均已形成电积镍产品，二期产品于2024年6月17日获上期所注册。注册是产品流通资格节点，不能用作整个厂区首次投产日期。,,2026-09-21
CN157,Guangxi Huaze 广西华泽,主体名称待核,尚未对应到完整法人及厂址,现有简称尚不能与独立精炼镍工厂可靠对应；不能套用陕西华泽、华友或其他同名企业的停产与投产记录。,,2026-09-21
CN158,Jiangxi Huaze 江西华泽,主体名称待核,尚未对应到完整法人及厂址,现有简称尚不能与独立精炼镍工厂可靠对应；不能套用陕西华泽、华友或其他同名企业的停产与投产记录。,,2026-09-21
CN159,新疆新鑫矿业股份有限公司 阜康冶炼厂,已投产,2025年年度报告,新鑫2025年年度报告披露电解镍实际产销和阜康精炼系统技改；阜康属于持续生产的既有冶炼厂，电解槽更新不代表整厂重新投产。,,2026-09-21
CN160,"Yunxi Group Yuanjiang Nickel Industry Co., Ltd. 云锡集团元江镍业有限责任公司",停产,2024年调查报告；2025年3月再次确认,政府调查报告明确公司全面停产：甘庄精炼厂于2015年停产，特种合金厂试运行后停产，湿法厂最后一轮生产于2023年4月结束。2025年玉溪市生态环境局又以长期停产为由将公司移出环境信息披露名单。,甘庄精炼厂:停产；2024年进行旧设备拆卖；湿法冶炼厂:停产；特种合金厂:试运行半年后停产,2026-09-21
CN161,"Zhejiang Yuanli Renewable Resources Co., Ltd. 浙江元力再生资源有限公司",部分项目已投产,2023年4月首板；2024年6月监管核查,2023年4月18日电积镍首次出板；2024年政府核查确认部分项目已建成投产，同时仍有工程未完成、已投产部分未完成环保竣工验收。生产节点与验收进度分别记录。,,2026-09-21
CN162,"Zhejiang Lujia New Materials Co., Ltd. 浙江路加新材料有限公司",镍盐已投产,2022年验收；2025年设立安全评价回顾,既有镍钴盐项目于2022年完成安全设施竣工验收并取得安全生产许可证。2025年文件中的电镍、电钴和镍盐技改属于另行申报工程，不能把这些新线一并视为已经投产。,既有硫酸镍等镍盐:已建成并完成安全设施验收；电镍、电钴技改线:设立安全评价阶段；未据此确认投产,2026-09-21
CN163,"Jiangsu Qisheng Metal Technology Co., Ltd. 江苏祺生金属科技有限公司",已投产,2025年企业负责人访谈,总经理在2025年访谈中说明实际原料采购、湿法镍板生产及经营情况，确认祺生已开展生产；资料未披露当月开工负荷。,,2026-09-21
CN164,广西中伟新能源科技有限公司 钦州基地,已投产,2022—2024年分工序生产披露,钦州高冰镍制硫酸镍线于2022年产出合格产品，低冰镍转高冰镍线于2023年披露连续运行，2024年已有电积镍产品。三段工序分开记录。,硫酸镍:已投产；低冰镍转高冰镍:已投产；电积镍:已投产,2026-09-21
CN165,"Zhejiang Weiming Environmental Protection Co., Ltd. 浙江伟明环保股份有限公司",集团／基地总览,实际工厂见伟明盛青,上市公司业务入口；国内电积镍生产由伟明盛青项目承载，不把总部重复计为工厂。,,2026-09-21
CN166,"Shaanxi Jutai New Materials Technology Co., Ltd. 陕西聚泰新材料科技有限公司（浙江统计项目）",一期已投产,2025年底；2026年企业介绍,浙江聚泰企业介绍确认舟山基地于2025年底建成投产。镍板线与二期废催化剂回收工程存在各自的建设节点，一期投产不能代表二期全部建成。,舟山一期:企业确认已投产；二期废催化剂回收示范线:建设中,2026-09-21
CN167,赣州寒锐新能源科技有限公司 赣州寒锐,既有线已投产,2026年半年度报告,寒锐2026年半年报明确赣州主体从事电积钴、电积镍生产销售。2024年原镍线曾转用于钴，2025年再调整镍钴产品结构；2026年新扩建方案与既有生产线分别记录。,既有电积镍:已投产／开展生产销售；新增电积镍及电池级硫酸镍项目:投资扩建方案,2026-09-21
CN168,广西格派电池新材料有限公司 广西格派,在建 · 投产前收尾,2026年1月26日企业进度披露,格派披露广西一期核心湿法厂房已完工，氧压浸出釜就位，工程处在收尾及联调准备阶段。尚未取得这批产线正式投产的后续公告。,,2026-09-21
CN169,盛屯能源金属化学（贵州）有限公司 贵州盛屯,一期已投产 · 二期试产,2026年半年度报告,盛屯2026年半年报明确贵州一期持续稳定生产、二期进入试生产。此处为贵州盐类加工项目，产品方向包括硫酸镍，不能写成整座纯镍厂。,贵州一期:持续稳定生产；贵州二期:试生产,2026-09-21
CN170,广东飞南资源利用股份有限公司 江西基地,集团／基地总览,具体工厂分别列示,江西飞南、江西兴南、江西巴顿为不同法人和设施；此条是集团江西业务入口，不能给集团总览套用某一条镍线的开停产状态。,,2026-09-21
