项目ID,企业,法律主体,产品,状态,披露产能,原料,工艺,股东,园区或地区,来源
MHP003,奥比岛HPL,PT Halmahera Persada Lygend,MHP、硫酸镍晶体及钴产品,硫酸镍2023年首产并出口,约24万—24.68万实物吨/年硫酸镍晶体；约合5.4万—5.5万镍吨，为同一能力,自产MHP；来自奥比岛褐铁矿HPAL,MHP再溶解、分离净化、蒸发结晶,力勤54.9%、Harita／TBP 45.1%（2025年末）,obi-harita,https://www1.hkexnews.hk/listedco/listconews/sehk/2026/0430/2026043001098.pdf ; https://api.tbpnickel.com/storage/images/Media/Galeri/Media%20Kit/Harita%20Nickel%20Overview_ENG_091025_Low_compressed.pdf ; https://api.tbpnickel.com/storage/images/Media/Galeri/Media%20Kit/Harita%20Nickel%20Factsheet%202025%20%5BEnglish%5D.pdf ; https://gatrik.esdm.go.id/assets/uploads/download_index/files/7c544-bahan-kementerian-perindustrian.pdf ; https://ptfi.co.id/en/news/detail/ri-finally-has-3-giant-facilities-the-biggest-of-their-kind-in-the-world ; https://stock.stockstar.com/notice/SN2026091000001773.shtml
MHP011,青美邦QMB,PT QMB New Energy Materials,MHP、硫酸镍晶体及镍板；园区衔接前驱体,硫酸镍晶体2025年启动；电积镍线2025年9月开通,硫酸镍设计3万镍金属吨/年（2022方案为13.5万晶体实物吨）；电积镍3万吨/年（2025新增）,基地自产MHP及镍盐中间品,HPAL后精炼、结晶与电积，物料在后端分流,格林美权益55%；其他产业股东见原项目词条,imip,https://en.gem.com.cn/GlobalLayout/index.html ; https://en.gem.com.cn/CompanyNews/info_itemid_7606.html ; https://en.gem.com.cn/CompanyNews/info_itemid_7734.html ; https://en.gem.com.cn/uploadfiles/2023/08/20230829211518770.pdf ; https://file.finance.sina.com.cn/cn/diaoyan/jgdy/2026/2026-05/2026-05-08/10179630_1.PDF ; https://en.gem.com.cn/CompanyNews/info_itemid_7734.html ; https://file.finance.sina.com.cn/211.154.219.97:9494/MRGG/CNSESZ_STOCK/2026/2026-8/2026-08-29/12572469.PDF ; https://disc.static.szse.cn/download/disc/disk03/finalpage/2025-04-26/2533d156-9add-461c-a5c0-49ecc68ae9a9.PDF ; https://en.gem.com.cn/uploadfiles/2022/07/20220727230208799.pdf ; https://www.lme.com/-/media/Files/News/Notices/2023/11/BRANDS-23-191-LISTING-OF-NICKEL-BRAND-GEMNI1.pdf
RF003,华翔精炼,PT Huaxiang Refining Indonesia,电池级硫酸镍,2024年报披露建成试产；2025年4月转固后爬坡,5万吨镍金属量/年硫酸镍；约22.5万吨晶体实物/年为同一设计规模,MHP／镍盐中间品,溶解、萃取净化与结晶,HUAYAO／华友49%、STRIVE 49%、LINDO 2%,iwip,https://static.cninfo.com.cn/finalpage/2023-07-26/1217385396.PDF ; https://www.huayou.com/Public/Uploads/uploadfile2/files/20250429/MeetingMaterialsfor2024AnnualGeneralMeeting.pdf ; https://epaper.stcn.com/pic/202604/08/fd0a1e8f24c3a8b5a64aaac5c41f25d8.pdf ; https://ilmate.kemenperin.go.id/files/document/1742455661-0.%20LAKIP%20Logam%202024.pdf ; https://www.huayou.com/news/corporate-news/495 ; https://www.huayou.com/Public/Uploads/uploadfile/files/20250512/20250419603799.SHhuayouye603799huayouye2024nianniandubaogao.pdf ; https://www.huayou.com/news/corporate-news/540.html ; https://static.cninfo.com.cn/finalpage/2026-04-22/1225136273.PDF
MHP017,晨曦镍钴ENC,PT Excelsior Nickel Cobalt,MHP、阴极镍；另配置硫酸镍路线,2026年7月首产MHP、8月首产阴极镍；硫酸镍成品首产未公告,原设计6万镍吨/年，目标超过7.2万镍吨/年；MHP、镍盐及阴极镍共享镍流,Hengjaya矿褐铁矿；HPAL自产MHP进入精炼,HPAL、精炼及电积；另有硫酸盐结晶路线,Nickel Industries 46%；其余股东与合作安排见正文,imip,https://nickelindustries.com/section/excelsior-nickel/ ; https://nickelindustries.com/carbon/assets/2023/10/2622065.pdf ; https://nickelindustries.com/carbon/assets/2023/11/2639228.pdf ; https://nickelindustries.com/carbon/assets/0007e9/00000a/2972837.pdf ; https://nickelindustries.com/carbon/assets/0007ea/000009/3120121.pdf ; https://nickelindustries.com/carbon/assets/0007ea/000007/3095817.pdf ; https://nickelindustries.com/carbon/assets/0007ea/000008/3101262.pdf ; https://nickelindustries.com/carbon/assets/0007ea/000009/3120121.pdf ; https://nickelindustries.com/carbon/assets/0007e8/000007/2754396.pdf
NPI062,BMS Bua—Luwu,PT Bumi Mineral Sulawesi,一期镍铁；二期硫酸镍计划,镍铁已运行；硫酸镍二期集团官网列建设中,"31,400吨/年电池级硫酸镍（集团官网产品口径；物态与含镍量未单列）",最终原料配置未单列披露,硫酸镍二期精炼工艺待可研／环评披露,Kalla体系；Hadji Kalla 47.45%、Bukaka 30%、Berkah Raya Utama 20%、Bumi Sarana Utama 2.55%（2025年披露）,luwu,https://kalla.co.id/bumimineralsulawesi ; https://bumimineralsulawesi.com/berita/Bumi-Mineral-Sulawesi-Jalin-Kerja-Sama-Sumitomo-Corporation ; https://www.bukaka.com/asset/uploads/files/LAI_PT_BTU_DAN_ENTITAS_ANAK_PER_30_SEPTEMBER_2025_.pdf ; https://journal.jogmec.go.jp/metal/news-flash/news-flash_48138.html ; https://journal.jogmec.go.jp/metal/news-flash/news-flash_46359.html
RF001,中伟鼎兴（DX-zwdx）,PT CNGR Ding Xing New Energy,全板阴极镍／精炼镍,2023年投产；DX-zwdx于2024年获LME注册,5万吨/年阴极镍（LME注册能力）,高冰镍等镍中间品；第三方与中伟供料,两段浸出、萃取净化、电积,中伟香港50%、Rigqueza International 50%,imip,https://www.cngrgf.com.cn/gsxw/1289.html ; https://www.lme.com/api/sitecore/MemberNoticesSearchApi/Download?id=73383f97-3bc9-4102-852e-2ea9bb476e04 ; https://www.hkexnews.hk/listedco/listconews/sehk/2025/1107/11908959/2025110700075.pdf ; https://imip.co.id/pt-cngr-ding-xing-new-energy/ ; https://www.sohu.com/a/1012101870_121123866
RF002,永恒镍业（PTENICO）,PT Eternal Nickel Industry,全板阴极镍／精炼镍,已投产；2025年10月披露仍处爬坡；PTENICO于2025年12月获LME注册,5万吨/年阴极镍（LME及上期所注册能力）,镍中间品；逐期原料构成未公开,湿法精炼、电积成镍板,Gundrak 54%、华骏国际／华友39%、SeAH Changwon 5%、Jinkins 2%（2025年10月）,iwip,https://www.lme.com/-/media/Files/News/Notices/2025/12/BRANDS-25-235-LISTING-OF-PRIMARY-NICKEL-BRAND-PTENICO.pdf?sc_lang=en ; https://www.shfe.com.cn/eng/CircularNews/Circular/202604/t20260420_831190.html ; https://stockmc.xueqiu.com/202510/603799_20251030_WU4A.pdf ; https://www.huayou.com/Public/Uploads/uploadfile/files/20240424/huayouyehuayouye2023nianniandubaogao20240420.pdf ; https://ilmate.kemenperin.go.id/files/repositori/319/1745729119680db65ff087d_8_8_LAKIP_Ditjen_ILMATE_tahun_2024_Final_compressed.pdf ; https://www.lme.com/-/media/Files/News/Notices/2025/12/BRANDS-25-235-LISTING-OF-PRIMARY-NICKEL-BRAND-PTENICO.pdf?sc_lang=en ; https://www.lme.com/-/media/BRANDS-25-193-APPLICATION-TO-LIST-PRIMARY-NICKEL-BRAND-PTENICO.pdf
RF004,印尼青美能源材料（IQEM）,PT Indonesia Qingmei Energy Materials,高镍三元前驱体；出口资料另有硫酸镍记录,前驱体项目已建成；硫酸镍出口主体，制造归属另核,5万吨/年前驱体（2025年公告）；不作为硫酸镍产能,前驱体使用镍、钴、锰盐；硫酸镍出口货物的实际生产厂尚待逐票对应,前驱体材料制造及相关化学品贸易,格林美体系100%；2025年公告直接股东格林美（江苏）99%、新展国际1%,imip,https://money.finance.sina.com.cn/corp/view/vCB_AllBulletinDetail.php?id=10694261&stockid=002340 ; https://www1.hkexnews.hk/app/sehk/2026/108471/documents/sehk26042703391.pdf ; https://vip.stock.finance.sina.com.cn/corp/view/vCB_AllBulletinDetail.php?id=11242392&stockid=002340 ; library/refining-export-rows.csv
RF005,Indonesia Service Provider出口抬头,PT Indonesia Service Provider,硫酸镍出口记录,贸易／报关抬头；不计独立生产装置,不列生产能力,记录货物为硫酸镍，制造来源待对应,出口贸易或报关环节,尚未取得可核实的股东资料,indonesia-other,library/refining-export-rows.csv
